company,symbol,sector,market_cap,pe_ratio,sec_filing,vector1,vector2,vector3,vector4
Walmart,WMT,Retail Trade,407.63,22.9,reports,0.8299526572227478,-1.0236152410507202,-0.03120916523039341,-1.269892930984497
Amazon.com Inc.,AMZN,Retail Trade,1605.05,122.1,reports,0.0914209634065628,-1.0585992336273193,-0.8396037817001343,0.8340544104576111
Accenture plc,ACN,Technology Services,151.35,28.9,reports,0.2285066694021225,-0.474911093711853,-0.782800555229187,-2.16298246383667
United Parcel Service,UPS,Transportation,148.41,34.4,reports,0.2127813994884491,-0.7396568059921265,-0.6704421639442444,-2.129344940185547
Kroger Co.,KR,Retail Trade,25.37,9.9,reports,0.8498304486274719,-0.37796536087989807,-0.45292022824287415,0.4170052707195282
Home Depot,HD,Retail Trade,304.64,25.8,reports,0.02657143957912922,-1.073020339012146,-0.7191645503044128,-1.5601418018341064
Berkshire Hathaway,BRK.B,Finance,508.0,23.2,reports,0.4393867552280426,-0.5471969842910767,-0.5149499773979187,-2.8827247619628906
International Business Machines,IBM,Technology Services,103.31,13.1,reports,0.3442467451095581,-0.8069595098495483,-0.5397648215293884,-1.7265434265136719
Target Corp.,TGT,Retail Trade,80.21,23.0,reports,0.7152813076972961,-0.7658449411392212,-0.38935384154319763,0.35043811798095703
Starbucks Corp.,SBUX,Consumer Services,106.15,80.7,reports,0.28930094838142395,-1.0893630981445312,-0.5131890773773193,-0.6135605573654175
Walgreens Boots Alliance,WBA,Retail Trade,32.94,75.9,reports,0.34049147367477417,-0.7782238721847534,-0.6651325821876526,-0.17172902822494507
UnitedHealth Group Inc.,UNH,Health Services,314.18,18.7,reports,0.2796073853969574,-1.1258584260940552,-0.508987307548523,-0.7792296409606934
Lowe’s Cos.,LOW,Retail Trade,130.09,22.8,reports,0.15524700284004211,-0.7755222320556641,-0.8120108246803284,-0.37941116094589233
Cognizant Technology Solutions,CTSH,Technology Services,40.19,24.8,reports,-0.036266036331653595,-0.5836188793182373,-1.0930120944976807,-0.05725269764661789
CVS Health,CVS,Retail Trade,78.85,9.4,reports,1.006421685218811,-0.8590062260627747,0.015778185799717903,-1.0896872282028198
TJX Companies Inc.,TJX,Retail Trade,68.37,99.2,reports,0.5355039238929749,-0.8078593015670776,-0.44996440410614014,-0.4028742015361786
HCA Healthcare,HCA,Health Services,46.17,13.9,reports,0.33848267793655396,-0.4137785732746124,-0.9818679094314575,1.085403323173523
Costco Wholesale Corp.,COST,Retail Trade,165.28,41.7,reports,0.7090796828269958,-1.3611609935760498,0.03827664628624916,-1.7575899362564087
PepsiCo Inc.,PEP,Consumer Non-Durables,192.87,27.7,reports,1.1283056735992432,-1.6639418601989746,0.5795097351074219,-2.6918089389801025
Wells Fargo,WFC,Finance,96.2,62.6,reports,-0.2823948562145233,0.10969061404466629,-1.4958598613739014,-2.2534396648406982
JPMorgan Chase & Co.,JPM,Finance,316.37,13.4,reports,-0.43686309456825256,0.25739410519599915,-1.7277474403381348,-2.0847628116607666
AT&T Inc.,T,Communications,198.22,18.6,reports,1.1957893371582031,-0.7612856030464172,0.1827959269285202,-1.7388864755630493
FedEx Corporation,FDX,Transportation,74.46,40.7,reports,0.42877712845802307,-0.1639028936624527,-0.8031914830207825,-1.1294960975646973
Bank of America Corp,BAC,Finance,215.74,12.3,reports,-0.6932489275932312,1.3084211349487305,-2.5826046466827393,-0.7370119094848633
Robert Half International,RHI,Commercial Services,5.92,19.8,reports,0.17362865805625916,-0.31988078355789185,-1.0512205362319946,-0.11018532514572144
McDonald’s Corp.,MCD,Consumer Services,170.18,36.3,reports,0.7886812090873718,-1.3602628707885742,0.10612210631370544,-2.139612913131714
General Electric,GE,Electronic Technology,66.79,18.9,reports,0.25371062755584717,-0.2230561226606369,-0.898582935333252,-1.4686188697814941
Citigroup Inc.,C,Finance,91.5,8.6,reports,-0.44049230217933655,1.0491427183151245,-2.1838972568511963,-1.359243631362915
Dollar Tree,DLTR,Retail Trade,22.66,25.1,reports,0.6811561584472656,-0.5239822268486023,-0.5631968379020691,0.4991692900657654
Comcast Corp.,CMCSA,Consumer Services,205.84,18.1,reports,0.7218917012214661,-0.6847339868545532,-0.32463058829307556,-0.7942708730697632
Marriott Int’l.,MAR,Consumer Services,33.0,72.8,reports,0.09454723447561264,-0.5038368701934814,-1.005801796913147,-0.24216213822364807
Hilton Worldwide Holdings Inc,HLT,Consumer Services,26.24,736.8,reports,0.5515191555023193,-0.44336798787117004,-0.602823793888092,-0.41586077213287354
General Motors,GM,Consumer Durables,52.71,35.6,reports,0.15986238420009613,0.26328957080841064,-1.3542835712432861,0.2451436072587967
Microsoft Corp.,MSFT,Technology Services,1635.31,37.3,reports,0.12394613027572632,-0.7799235582351685,-0.8012470602989197,-1.0206255912780762
Dollar General,DG,Retail Trade,53.65,23.3,reports,0.9686483144760132,-0.14059072732925415,-0.45060834288597107,0.20110435783863068
Aptiv PLC,APTV,Producer Manufacturing,27.08,15.2,reports,0.6054239869117737,-0.09975752234458923,-0.8290801644325256,0.04775445908308029
Tyson Foods,TSN,Consumer Non-Durables,21.45,12.1,reports,0.9602141380310059,-0.6976736187934875,-0.197714701294899,0.274772047996521
Apple Inc.,AAPL,Electronic Technology,1994.48,35.2,reports,0.38276970386505127,-0.5570291876792908,-0.742872416973114,0.07179451733827591
Verizon Communications,VZ,Communications,239.84,13.0,reports,0.8942902088165283,-0.7677018046379089,-0.06112058833241463,-1.5064338445663452
Oracle Corp.,ORCL,Technology Services,180.35,18.7,reports,0.173932746052742,-1.145949125289917,-0.5459069013595581,-1.5613354444503784
Johnson & Johnson,JNJ,Health Technology,382.39,22.8,reports,0.7430112361907959,-1.3856391906738281,0.1013912558555603,-2.1719017028808594
Best Buy Co. Inc.,BBY,Retail Trade,30.6,18.9,reports,0.20442484319210052,0.30130279064178467,-1.5533980131149292,2.242644786834717
Alphabet Inc. (Class C),GOOG,Technology Services,1116.15,36.0,reports,-0.4902186989784241,-1.2470264434814453,-1.1474148035049438,-0.780386745929718
Alphabet Inc. (Class A),GOOGL,Technology Services,1110.69,35.8,reports,-0.19738774001598358,-1.2677189111709595,-0.8782287240028381,-0.6714330911636353
Honeywell Int’l Inc.,HON,Producer Manufacturing,123.19,21.8,reports,0.024135934188961983,-0.7847435474395752,-0.786835253238678,-2.620163917541504
Intel Corp.,INTC,Electronic Technology,204.99,10.6,reports,0.13709448277950287,-0.7735262513160706,-0.8280609250068665,-0.4952843189239502
Lockheed Martin Corp.,LMT,Electronic Technology,104.64,15.9,reports,0.5190223455429077,-1.1595052480697632,-0.21257805824279785,-1.7889363765716553
Abbott Laboratories,ABT,Health Technology,190.85,57.9,reports,0.12966379523277283,-1.113121747970581,-0.6356735825538635,-1.0209728479385376
Johnson Controls International,JCI,Producer Manufacturing,33.04,43.8,reports,0.5819576382637024,-0.042277272790670395,-0.7418695092201233,-0.8506121039390564
General Dynamics,GD,Electronic Technology,40.37,12.4,reports,0.16050748527050018,-0.4398905336856842,-0.8342673778533936,-2.2061355113983154
Caterpillar Inc.,CAT,Producer Manufacturing,91.29,22.7,reports,0.5464078783988953,0.4213014245033264,-0.9945575594902039,-0.8298570513725281
Eaton Corporation,ETN,Producer Manufacturing,43.93,29.6,reports,0.19262367486953735,0.28077834844589233,-1.2478059530258179,-1.0060718059539795
Procter & Gamble,PG,Consumer Non-Durables,353.05,27.0,reports,1.061951994895935,-1.3030738830566406,0.3802945613861084,-2.7125892639160156
3M Company,MMM,Producer Manufacturing,97.81,19.4,reports,0.30474600195884705,-1.149245023727417,-0.3533192276954651,-2.837031364440918
Charter Communications,CHTR,Consumer Services,121.56,56.6,reports,0.7455966472625732,-0.5092012286186218,-0.5630760192871094,1.0315765142440796
Ross Stores,ROST,Retail Trade,33.97,61.9,reports,0.702804446220398,-0.14518550038337708,-0.6702407598495483,0.08812259137630463
Medtronic plc,MDT,Health Technology,149.79,34.2,reports,0.27765101194381714,-1.2347215414047241,-0.42393219470977783,-1.2243353128433228
Northrop Grumman,NOC,Electronic Technology,51.42,20.7,reports,0.47457385063171387,-1.0055135488510132,-0.3232225179672241,-1.6985031366348267
Pfizer Inc.,PFE,Health Technology,212.16,14.9,reports,0.7029651403427124,-0.9257920384407043,-0.21630936861038208,-0.7421560883522034
Emerson Electric Company,EMR,Producer Manufacturing,41.84,21.8,reports,0.5615297555923462,0.3193131685256958,-0.9263444542884827,-1.1431872844696045
Coca-Cola Company,KO,Consumer Non-Durables,217.11,26.3,reports,1.1001555919647217,-1.2298176288604736,0.3302013874053955,-2.033902645111084
Chipotle Mexican Grill,CMG,Consumer Services,37.47,155.6,reports,0.46057623624801636,-0.09206574410200119,-1.0738550424575806,1.5487080812454224
O’Reilly Automotive,ORLY,Retail Trade,34.55,22.4,reports,0.5552976131439209,-0.42648768424987793,-0.6329119801521301,-0.21802563965320587
Universal Health Services,UHS,Health Services,9.82,13.2,reports,0.36897706985473633,-0.4917680323123932,-0.8729313015937805,0.9206162095069885
H&R BLOCK INC,HRB,Consumer Services,3.55,15.2,reports,0.2324194759130478,-0.3368230164051056,-1.1110702753067017,1.2951301336288452
Mondelez International,MDLZ,Consumer Non-Durables,80.86,23.9,reports,1.0454902648925781,-1.07077956199646,0.1314740628004074,-0.6611818671226501
McKesson Corp.,MCK,Distribution Services,25.37,27.4,reports,0.35477229952812195,-0.8090311884880066,-0.6612188220024109,0.16448555886745453
Cisco Systems,CSCO,Technology Services,163.86,14.8,reports,0.3684908151626587,-0.23627233505249023,-0.8159915804862976,-1.1303086280822754
Whirlpool Corp.,WHR,Consumer Durables,12.39,14.1,reports,0.6325892210006714,-0.26744598150253296,-0.7774690985679626,1.1805205345153809
Marsh & McLennan,MMC,Finance,57.59,28.7,reports,0.5404501557350159,-0.382026344537735,-0.46883806586265564,-3.1508803367614746
"Nike, Inc.",NKE,Consumer Non-Durables,204.06,77.6,reports,0.2795781195163727,-0.677963376045227,-0.7292128205299377,-0.5133316516876221
Thermo Fisher Scientific,TMO,Health Technology,189.95,39.5,reports,-0.20050452649593353,-0.8677712678909302,-1.0412770509719849,-1.207168459892273
Exxon Mobil Corp.,XOM,Energy Minerals,144.44,20.8,reports,1.270796775817871,0.5583930611610413,-0.3706899881362915,-1.616222620010376
Amphenol Corp,APH,Electronic Technology,35.73,31.3,reports,0.34804031252861023,-0.8427988886833191,-0.5170955061912537,-1.761521816253662
CIGNA Corp.,CI,Health Services,67.74,12.8,reports,0.22412733733654022,-0.6737160682678223,-0.8999394774436951,0.7818560600280762
Philip Morris International,PM,Consumer Non-Durables,115.94,15.2,reports,1.240235447883606,-1.5722321271896362,0.5857646465301514,-1.6911252737045288
Deere & Co.,DE,Producer Manufacturing,75.06,27.6,reports,0.7173998355865479,0.14950302243232727,-0.6691036224365234,-1.4838029146194458
Merck & Co.,MRK,Health Technology,201.91,19.3,reports,0.22816438972949982,-1.007330060005188,-0.6021902561187744,-0.8483169674873352
Anthem,ANTM,Health Services,78.16,13.3,reports,0.3268147110939026,-0.7901831269264221,-0.7079826593399048,0.2565379738807678
Becton Dickinson,BDX,Health Technology,69.65,86.7,reports,0.22131270170211792,-1.4798084497451782,-0.36209455132484436,-1.4356029033660889
MGM Resorts International,MGM,Consumer Services,11.52,6.0,reports,0.10398728400468826,0.06456883251667023,-1.5506709814071655,2.3906424045562744
Omnicom Group,OMC,Commercial Services,11.33,12.0,reports,0.4517417550086975,-0.952360212802887,-0.40971601009368896,-1.352760672569275
U.S. Bancorp,USB,Finance,61.25,13.4,reports,-0.07502301782369614,-0.11738446354866028,-1.202122688293457,-2.3710060119628906
IQVIA Holdings Inc.,IQV,Health Services,32.11,188.7,reports,0.26567164063453674,-1.0373585224151611,-0.7149404883384705,0.9231248497962952
Advance Auto Parts,AAP,Retail Trade,10.7,23.5,reports,0.9274863600730896,-0.07128438353538513,-0.5301948189735413,0.5655686855316162
Laboratory Corp. of America Holding,LH,Health Services,20.21,55.9,reports,0.20488207042217255,-1.2530792951583862,-0.49338483810424805,-1.170483112335205
DaVita Inc.,DVA,Health Services,11.11,14.5,reports,0.7189265489578247,-0.9351421594619751,-0.22510932385921478,-0.5676635503768921
American Express Co,AXP,Finance,81.31,25.9,reports,0.12652622163295746,-0.12594188749790192,-1.0485657453536987,-1.6908003091812134
Hanesbrands Inc,HBI,Consumer Non-Durables,6.12,12.1,reports,-0.009186504408717155,-0.1807534098625183,-1.3814762830734253,1.069646954536438
Cummins Inc.,CMI,Producer Manufacturing,33.42,19.9,reports,0.46347516775131226,0.8147732019424438,-1.2635389566421509,-0.7438971996307373
Sherwin-Williams,SHW,Process Industries,62.22,36.1,reports,0.5931920409202576,-0.9383395314216614,-0.3390473425388336,-0.6888889670372009
Morgan Stanley,MS,Finance,81.79,8.7,reports,-0.5326094031333923,1.2336808443069458,-2.422800064086914,-0.2875950038433075
Danaher Corp.,DHR,Health Technology,165.05,54.1,reports,0.19886597990989685,-0.9379771947860718,-0.5958744883537292,-1.7386174201965332
Stanley Black & Decker,SWK,Consumer Durables,28.42,34.0,reports,0.07203855365514755,-0.2847415804862976,-1.031585454940796,-1.9108424186706543
Automatic Data Processing,ADP,Technology Services,64.13,26.1,reports,0.1372206211090088,-1.186042070388794,-0.5288347005844116,-2.21914005279541
Sysco Corp.,SYY,Distribution Services,32.99,166.4,reports,1.2726069688796997,-1.1329493522644043,0.4280351400375366,-1.8607542514801025
Centene Corporation,CNC,Health Services,39.07,23.4,reports,0.15557022392749786,-0.3871130049228668,-1.2569488286972046,2.145127773284912
HP Inc.,HPQ,Electronic Technology,26.26,10.9,reports,0.3996555507183075,0.3486570715904236,-1.2279034852981567,0.6730408072471619
Fidelity National Information Services,FIS,Technology Services,89.47,1568.4,reports,0.034247320145368576,-0.8940339684486389,-0.7570359110832214,-1.8113384246826172
Genuine Parts,GPC,Distribution Services,14.25,768.7,reports,0.467874675989151,-0.31849145889282227,-0.6611208915710449,-1.405156135559082
Interpublic Group,IPG,Commercial Services,7.54,13.3,reports,-0.052510008215904236,-0.38251417875289917,-1.1647617816925049,-0.6277076005935669
PNC Financial Services,PNC,Finance,48.68,6.9,reports,-0.3811757266521454,0.8661025166511536,-1.9658632278442383,-2.0315802097320557
Capital One Financial,COF,Finance,35.61,38.5,reports,-0.2827546298503876,0.8629971146583557,-1.9291582107543945,-1.030192494392395
WestRock,WRK,Process Industries,10.45,13.5,reports,0.820185661315918,0.712853193283081,-1.1385489702224731,1.6617257595062256
International Paper,IP,Process Industries,18.24,29.0,reports,0.41075533628463745,0.2251608967781067,-1.0599958896636963,-0.40265989303588867
LKQ Corporation,LKQ,Consumer Durables,10.01,17.8,reports,0.35528552532196045,0.021480189636349678,-1.052940845489502,0.01342070009559393
Parker-Hannifin,PH,Producer Manufacturing,29.13,24.3,reports,0.1826084703207016,0.5646507740020752,-1.3646901845932007,-1.2710039615631104
Aon plc,AON,Finance,48.02,27.7,reports,0.4736531376838684,-1.0630486011505127,-0.26326805353164673,-2.473796844482422
Baxter International Inc.,BAX,Health Technology,41.05,45.7,reports,0.6691232323646545,-1.0501983165740967,-0.1932610124349594,-1.013504981994629
Corning Inc.,GLW,Electronic Technology,27.06,348.8,reports,0.20766454935073853,-0.00493704155087471,-1.1128556728363037,-0.7323365211486816
Salesforce.com,CRM,Technology Services,227.97,97.8,reports,-0.2737327516078949,-0.9348638653755188,-1.2478182315826416,1.0189340114593506
MetLife Inc.,MET,Finance,37.16,5.3,reports,-0.43917346000671387,1.0392061471939087,-2.1822736263275146,-1.0969798564910889
The Bank of New York Mellon,BK,Finance,33.38,8.2,reports,-0.6002337336540222,0.4914906919002533,-2.0251355171203613,-1.4415228366851807
Estée Lauder Companies,EL,Consumer Non-Durables,84.97,126.7,reports,0.7605238556861877,-0.6548000574111938,-0.24669510126113892,-1.755837082862854
PPG Industries,PPG,Process Industries,31.72,29.5,reports,0.1633513867855072,-0.4271531105041504,-0.9085099697113037,-1.2785910367965698
Humana Inc.,HUM,Health Services,58.78,16.8,reports,0.2986713647842407,-0.7112210392951965,-0.843026340007782,0.8273470401763916
Quest Diagnostics,DGX,Health Services,17.07,15.6,reports,0.707888662815094,-0.8494347929954529,-0.24780164659023285,-0.891573429107666
Willis Towers Watson,WLTW,Finance,27.03,26.8,reports,0.5000573992729187,-0.7803616523742676,-0.43016624450683594,-1.1463688611984253
Allstate Corp,ALL,Finance,28.5,6.9,reports,0.5094076991081238,-0.9079872965812683,-0.30661386251449585,-2.376682996749878
Illinois Tool Works,ITW,Producer Manufacturing,65.35,30.6,reports,0.16469517350196838,-0.5422653555870056,-0.7674666047096252,-2.677891731262207
"Facebook, Inc.",FB,Technology Services,811.31,34.0,reports,0.11047956347465515,-0.9902982711791992,-0.9508115649223328,1.6079108715057373
Waste Management Inc.,WM,Industrial Services,49.3,30.7,reports,0.7790976166725159,-1.224013328552246,0.05720121040940285,-2.3451128005981445
Fiserv Inc,FISV,Technology Services,67.76,80.2,reports,0.28333228826522827,-1.1317718029022217,-0.4219314157962799,-2.0251946449279785
Ulta Beauty,ULTA,Retail Trade,13.24,48.2,reports,0.38241687417030334,-0.6304640173912048,-0.8646652102470398,1.6387836933135986
Seagate Technology,STX,Electronic Technology,13.02,13.2,reports,0.08952124416828156,0.7767195701599121,-1.9088109731674194,1.9555977582931519
Huntington Ingalls Industries,HII,Electronic Technology,6.19,11.8,reports,0.2751484513282776,-0.14260360598564148,-1.0497912168502808,-0.011617246083915234
Mohawk Industries,MHK,Consumer Durables,7.45,15.2,reports,-0.05375635251402855,-0.5285558104515076,-1.151771068572998,0.13502924144268036
Progressive Corp.,PGR,Finance,55.41,10.9,reports,0.6723975539207458,-1.2321127653121948,-0.029941977933049202,-2.322735548019409
Quanta Services Inc.,PWR,Industrial Services,8.65,24.5,reports,0.3550441861152649,0.7927178144454956,-1.4708125591278076,0.5629902482032776
Stryker Corp.,SYK,Health Technology,83.35,53.4,reports,0.4177010953426361,-1.5176726579666138,-0.15013030171394348,-1.450576901435852
Micron Technology,MU,Electronic Technology,58.83,22.9,reports,0.036974191665649414,0.5842791199684143,-2.1603777408599854,4.007063388824463
Kimberly-Clark,KMB,Consumer Non-Durables,46.56,20.1,reports,0.9793117642402649,-1.5920754671096802,0.4004339873790741,-1.8206300735473633
Cintas Corporation,CTAS,Consumer Services,35.37,39.5,reports,0.09409535676240921,-0.8020763993263245,-0.741757869720459,-1.8818668127059937
State Street Corp.,STT,Finance,23.01,10.5,reports,-0.59273761510849,0.5005832314491272,-2.024984836578369,-1.6052250862121582
Goldman Sachs Group,GS,Finance,70.55,11.4,reports,-0.36869242787361145,0.978384792804718,-2.088773488998413,-1.1580610275268555
Archer-Daniels-Midland Co,ADM,Process Industries,28.82,16.4,reports,0.7324497699737549,-0.16418637335300446,-0.602233350276947,-0.2853056490421295
Union Pacific Corp,UNP,Transportation,126.78,23.8,reports,0.4193015396595001,-0.0738275870680809,-0.8719697594642639,-0.6499605774879456
QUALCOMM Inc.,QCOM,Electronic Technology,145.41,54.3,reports,0.03280754014849663,-0.29015082120895386,-1.1504888534545898,-0.5977396368980408
Boston Scientific,BSX,Health Technology,53.18,13.1,reports,-0.18187442421913147,-1.477259874343872,-0.8820310831069946,0.6039083003997803
Republic Services Inc,RSG,Industrial Services,29.58,27.8,reports,0.7209170460700989,-1.0127754211425781,-0.09919862449169159,-1.984346866607666
General Mills,GIS,Consumer Non-Durables,37.77,16.4,reports,1.4045082330703735,-1.2773230075836182,0.622517466545105,-1.984554648399353
Mylan N.V.,MYL,Health Technology,8.11,29.8,reports,0.4936128556728363,-0.009806020185351372,-1.1976202726364136,2.4864284992218018
Textron Inc.,TXT,Electronic Technology,8.02,21.3,reports,-0.29476478695869446,0.3933905363082886,-1.8162400722503662,0.11573829501867294
Colgate-Palmolive,CL,Consumer Non-Durables,68.03,26.5,reports,1.1262454986572266,-1.690881609916687,0.5883716344833374,-2.6299028396606445
YUM BRANDS INC,YUM,Consumer Services,30.53,29.9,reports,0.23493309319019318,-1.1264803409576416,-0.5574007630348206,-0.6951202154159546
Lilly (Eli) & Co.,LLY,Health Technology,136.18,23.0,reports,0.6742517352104187,-0.9113147258758545,-0.26695606112480164,-0.7664719820022583
Tractor Supply Company,TSCO,Retail Trade,16.25,21.3,reports,0.23434531688690186,0.0849667340517044,-1.2455236911773682,0.5431629419326782
Arthur J. Gallagher & Co.,AJG,Finance,20.67,28.7,reports,0.2391483187675476,-0.7729815244674683,-0.6057032346725464,-2.4767205715179443
Chubb Limited,CB,Finance,58.24,26.7,reports,0.4569871127605438,-0.6679678559303284,-0.4289667010307312,-3.020883083343506
Exelon Corp.,EXC,Utilities,41.12,15.6,reports,2.584871530532837,-1.0531882047653198,1.3485933542251587,0.3995484709739685
Newmont Corporation,NEM,Non-Energy Minerals,48.56,12.7,reports,1.3925153017044067,0.41667497158050537,-0.7386103868484497,3.058171033859253
Kellogg Co.,K,Consumer Non-Durables,22.89,20.9,reports,1.6721665859222412,-1.2949720621109009,0.8466159105300903,-1.6611995697021484
The Travelers Companies Inc.,TRV,Finance,31.91,14.4,reports,0.8375669121742249,-0.5255134105682373,-0.19279634952545166,-2.4598171710968018
AbbVie Inc.,ABBV,Health Technology,148.85,17.9,reports,0.18017414212226868,-1.1673274040222168,-0.7491033673286438,1.0102421045303345
Avery Dennison Corp,AVY,Process Industries,11.83,22.5,reports,0.3081831634044647,-0.5590680241584778,-0.7070348858833313,-1.1721118688583374
Texas Instruments,TXN,Electronic Technology,137.65,28.0,reports,-0.30476438999176025,-0.570303201675415,-1.316106915473938,-0.5192158222198486
J. B. Hunt Transport Services,JBHT,Transportation,13.61,27.5,reports,0.22135029733181,-0.16990533471107483,-1.0728260278701782,-0.17280173301696777
BorgWarner,BWA,Producer Manufacturing,9.72,18.7,reports,0.2948889136314392,0.6723425984382629,-1.526347041130066,0.8903272747993469
Duke Energy,DUK,Utilities,68.23,33.1,reports,3.5889580249786377,-1.4152519702911377,2.4423177242279053,-1.076703667640686
Southern Company,SO,Utilities,64.27,19.9,reports,2.982456922531128,-1.5271787643432617,2.036881446838379,-1.9057151079177856
Cerner,CERN,Technology Services,22.51,43.8,reports,-0.06107357516884804,-1.1624953746795654,-0.8860690593719482,0.29016268253326416
Carmax Inc,KMX,Retail Trade,14.92,22.0,reports,0.21104015409946442,0.5824532508850098,-1.5274701118469238,0.7667794227600098
PACCAR Inc.,PCAR,Producer Manufacturing,32.08,22.4,reports,0.04108550772070885,0.28957340121269226,-1.3831396102905273,-0.8745221495628357
Xerox,XRX,Electronic Technology,4.2,10.3,reports,0.015330983325839043,0.27401238679885864,-1.50985848903656,0.43086758255958557
Nucor Corp.,NUE,Non-Energy Minerals,15.15,35.5,reports,0.4015772044658661,0.5814478993415833,-1.3342474699020386,0.6402421593666077
Iron Mountain Incorporated,IRM,Finance,7.97,39.4,reports,1.131125569343567,-1.0932223796844482,0.0850672647356987,0.6966156959533691
Grainger (W.W.) Inc.,GWW,Distribution Services,19.38,31.0,reports,0.08304181694984436,-0.05108226090669632,-1.238237977027893,-0.17041043937206268
Fortive Corp,FTV,Electronic Technology,22.42,45.0,reports,0.6402549147605896,-0.09598281979560852,-0.6684223413467407,-0.3442821800708771
Ralph Lauren Corporation,RL,Retail Trade,5.65,47.6,reports,0.8902228474617004,0.08370425552129745,-0.6733930110931396,0.7267520427703857
Fortune Brands Home & Security,FBHS,Producer Manufacturing,11.81,27.5,reports,-0.11066429316997528,-0.3128737807273865,-1.3816876411437988,0.9720192551612854
Global Payments Inc.,GPN,Technology Services,52.96,119.1,reports,0.2084117829799652,-0.8993408679962158,-0.7689362168312073,0.11933964490890503
Dover Corporation,DOV,Producer Manufacturing,16.75,25.1,reports,0.21593323349952698,0.9638625383377075,-1.589599609375,-0.37461304664611816
Amgen Inc.,AMGN,Health Technology,133.05,18.6,reports,-0.1307646930217743,-0.8192768096923828,-1.1344648599624634,0.415921151638031
PayPal,PYPL,Technology Services,238.23,93.6,reports,0.32887691259384155,-0.48453453183174133,-0.9178643226623535,0.9106599688529968
Rockwell Automation Inc.,ROK,Producer Manufacturing,28.19,36.3,reports,0.10346363484859467,0.23233869671821594,-1.2942992448806763,-1.053831934928894
Adobe Inc.,ADBE,Technology Services,234.34,60.9,reports,-0.19085636734962463,-1.011912226676941,-1.0546801090240479,-0.014731818810105324
"S&P Global, Inc.",SPGI,Commercial Services,81.32,31.8,reports,-0.15832462906837463,-0.7564408779144287,-1.0549943447113037,-0.79169762134552
Applied Materials Inc.,AMAT,Producer Manufacturing,55.66,17.9,reports,-0.1501370072364807,0.08510604500770569,-1.589814305305481,0.6510553359985352
AmerisourceBergen Corp,ABC,Distribution Services,20.29,13.0,reports,0.5311291217803955,-0.9070389866828918,-0.42528700828552246,-0.3766615688800812
Masco Corp.,MAS,Producer Manufacturing,14.26,34.5,reports,0.3446424603462219,-0.5376448035240173,-0.8367089033126831,0.6854972839355469
Leggett & Platt,LEG,Consumer Durables,5.88,26.5,reports,0.5861465930938721,-0.8364160656929016,-0.36541736125946045,-0.8504247069358826
Fastenal Co,FAST,Distribution Services,25.83,30.1,reports,0.2926907539367676,0.07704668492078781,-1.1227854490280151,-0.14490634202957153
CSX Corp.,CSX,Transportation,62.19,22.7,reports,0.19827228784561157,0.512001633644104,-1.4187657833099365,-0.011129696853458881
"ZIMMER BIOMET HOLDINGS, INC.",ZBH,Health Technology,29.55,870.1,reports,-0.04659106954932213,-1.1365827322006226,-0.7959566712379456,-1.041454792022705
Fifth Third Bancorp,FITB,Finance,17.4,12.4,reports,-0.6500659584999084,1.355120062828064,-2.562286853790283,-0.7783960103988647
Northern Trust Corp.,NTRS,Finance,17.57,14.2,reports,-0.40259650349617004,0.7653036713600159,-1.9733142852783203,-1.7696770429611206
Charles Schwab Corporation,SCHW,Finance,72.53,18.6,reports,-0.9417133331298828,0.9492677450180054,-2.7098779678344727,0.40177103877067566
Regions Financial Corp.,RF,Finance,13.23,17.3,reports,-0.6456165313720703,1.8399735689163208,-2.848393201828003,-0.07701680809259415
Visa Inc.,V,Finance,421.34,38.6,reports,0.012943217530846596,-1.1461321115493774,-0.7021003365516663,-1.4166843891143799
Hartford Financial Svc.Gp.,HIG,Finance,14.55,8.1,reports,0.025521744042634964,-0.16429650783538818,-1.1142165660858154,-1.7113139629364014
Dominion Energy,D,Utilities,68.17,129.9,reports,3.390104055404663,-1.2910476922988892,2.234726905822754,-1.1576515436172485
LyondellBasell,LYB,Process Industries,25.67,12.8,reports,0.604905903339386,1.3182708024978638,-1.5496214628219604,0.7920355200767517
"United Rentals, Inc.",URI,Finance,13.57,12.5,reports,0.17822033166885376,1.3330488204956055,-2.1885321140289307,2.602351188659668
Broadcom Inc.,AVGO,Electronic Technology,150.77,70.0,reports,-0.019209641963243484,-0.39979490637779236,-1.3730123043060303,1.807612657546997
Henry Schein,HSIC,Distribution Services,9.68,24.2,reports,0.12041134387254715,-1.3375048637390137,-0.5218830108642578,-1.0858972072601318
Raymond James Financial Inc.,RJF,Finance,11.13,13.0,reports,-0.8124406933784485,0.7115582227706909,-2.3784217834472656,-1.066774845123291
Hormel Foods Corp.,HRL,Consumer Non-Durables,26.77,29.0,reports,1.2085416316986084,-1.1453423500061035,0.31388363242149353,-0.9613905549049377
Mastercard Inc.,MA,Finance,329.96,46.2,reports,0.1562723070383072,-0.9567011594772339,-0.6833159327507019,-1.019421100616455
Ball Corp,BLL,Process Industries,30.28,82.8,reports,0.9658876657485962,-0.7048310041427612,-0.07623651623725891,-1.109024167060852
TransDigm Group,TDG,Electronic Technology,27.21,44.3,reports,0.40362802147865295,-0.7732395529747009,-0.6290779709815979,-0.09399057179689407
AMETEK Inc.,AME,Producer Manufacturing,24.74,27.7,reports,-0.15488669276237488,-0.6211022734642029,-1.0570042133331299,-1.984696626663208
Microchip Technology,MCHP,Electronic Technology,28.41,45.0,reports,0.02128780446946621,0.011402560397982597,-1.3551135063171387,0.26517146825790405
Expeditors,EXPD,Transportation,15.96,26.8,reports,0.6084626317024231,-0.33609288930892944,-0.5627551674842834,-1.1623250246047974
Air Products & Chemicals Inc,APD,Process Industries,64.94,33.9,reports,0.11036814004182816,-0.6720332503318787,-0.8459088802337646,-1.2995449304580688
Principal Financial Group,PFG,Finance,11.95,9.4,reports,-0.2046884298324585,0.5545505881309509,-1.6760261058807373,-1.7446273565292358
M&T Bank Corp.,MTB,Finance,13.62,10.4,reports,-0.10183420032262802,1.0204612016677856,-1.825994610786438,-1.5955270528793335
Discover Financial Services,DFS,Finance,20.84,20.4,reports,-0.28504499793052673,0.14732728898525238,-1.5917062759399414,-1.1884090900421143
Motorola Solutions Inc.,MSI,Electronic Technology,29.68,35.2,reports,0.001423521083779633,-0.7486639022827148,-0.892561674118042,-1.312518835067749
Flowserve Corporation,FLS,Producer Manufacturing,4.13,27.4,reports,0.6164678335189819,1.3175055980682373,-1.5184279680252075,0.5944889187812805
Gartner Inc,IT,Commercial Services,11.43,48.1,reports,0.24806737899780273,-0.705920398235321,-0.7247180938720703,-0.8554608225822449
Conagra Brands,CAG,Consumer Non-Durables,18.56,18.5,reports,1.0382834672927856,-1.103562831878662,0.17956110835075378,-1.3050724267959595
Synchrony Financial,SYF,Finance,16.2,12.8,reports,-0.17322972416877747,-0.01520544569939375,-1.5465975999832153,0.2911849319934845
Sealed Air,SEE,Process Industries,6.43,15.3,reports,0.44506028294563293,-0.2850582003593445,-0.8192706108093262,0.20530427992343903
Roper Technologies,ROP,Electronic Technology,44.88,28.0,reports,0.23330174386501312,0.005354153458029032,-1.0250288248062134,-1.527964472770691
"Analog Devices, Inc.",ADI,Electronic Technology,45.9,41.8,reports,-0.41176092624664307,-0.08893455564975739,-1.6844806671142578,-0.1993660032749176
Agilent Technologies Inc,A,Health Technology,32.73,48.3,reports,-0.1893092542886734,-0.6810375452041626,-1.1607564687728882,-0.2159014791250229
Xylem Inc.,XYL,Producer Manufacturing,16.48,65.4,reports,0.17400407791137695,-0.21897666156291962,-1.0229237079620361,-0.6488288640975952
BlackRock,BLK,Finance,97.18,21.1,reports,-0.23726630210876465,-0.1508704125881195,-1.3864104747772217,-1.2731715440750122
Mettler Toledo,MTD,Health Technology,25.25,47.7,reports,0.04214990511536598,-0.9529165029525757,-0.781796932220459,-0.8789873123168945
The Hershey Company,HSY,Consumer Non-Durables,30.44,28.5,reports,1.2586253881454468,-1.3521249294281006,0.5018296837806702,-1.473998785018921
Dish Network,DISH,Consumer Services,14.31,12.0,reports,0.6959609985351562,-0.04717502370476723,-0.886282205581665,1.5682024955749512
Paychex Inc.,PAYX,Technology Services,30.57,29.0,reports,0.5483649969100952,-1.197460651397705,-0.17656604945659637,-1.7818212509155273
IHS Markit Ltd.,INFO,Finance,33.06,36.0,reports,0.695760190486908,-0.6840574741363525,-0.4076770842075348,-0.008911937475204468
Packaging Corporation of America,PKG,Process Industries,11.3,21.9,reports,0.39953601360321045,0.2260836809873581,-1.0973912477493286,0.13642990589141846
C. H. Robinson Worldwide,CHRW,Transportation,13.56,29.0,reports,0.856987714767456,-0.40262511372566223,-0.34409022331237793,-0.6349403262138367
A.O. Smith Corp,AOS,Producer Manufacturing,8.87,30.2,reports,-0.21396951377391815,-0.43690982460975647,-1.2728865146636963,-0.784874677658081
Garmin Ltd.,GRMN,Electronic Technology,19.28,20.3,reports,0.4344594180583954,0.10521416366100311,-1.0494858026504517,0.5280928015708923
Consolidated Edison,ED,Utilities,27.29,20.4,reports,3.6355388164520264,-1.6120021343231201,2.5401909351348877,-1.125187873840332
Align Technology,ALGN,Health Technology,37.0,20.6,reports,-0.024870725348591805,-0.43871772289276123,-1.3413084745407104,1.7516940832138062
Campbell Soup,CPB,Consumer Non-Durables,14.68,23.2,reports,1.5783404111862183,-1.1226094961166382,0.6613059043884277,-1.1198992729187012
Eastman Chemical,EMN,Process Industries,11.82,20.5,reports,0.25678378343582153,0.7193266749382019,-1.4811532497406006,0.22882668673992157
Assurant,AIZ,Finance,7.52,20.1,reports,0.4400433301925659,0.07321290671825409,-0.863516628742218,-1.6266915798187256
Tiffany & Co.,TIF,Retail Trade,14.99,60.1,reports,0.28216567635536194,0.043689973652362823,-1.1417211294174194,0.16229279339313507
Sempra Energy,SRE,Utilities,38.72,9.2,reports,2.469515562057495,-1.2907294034957886,1.494320273399353,-1.4764354228973389
NextEra Energy,NEE,Utilities,148.4,38.1,reports,3.1071388721466064,-1.3745231628417969,2.0193943977355957,-1.3813550472259521
Edwards Lifesciences,EW,Health Technology,49.99,63.4,reports,0.26759573817253113,-1.0139743089675903,-0.7378252744674683,1.0447654724121094
Synopsys Inc.,SNPS,Technology Services,34.41,55.6,reports,0.09249666333198547,-0.9701229333877563,-0.7015050053596497,-1.580639123916626
Nvidia Corporation,NVDA,Electronic Technology,335.8,98.0,reports,0.37994301319122314,-0.02550380304455757,-1.216208815574646,1.8697439432144165
Entergy Corp.,ETR,Utilities,21.81,17.6,reports,3.1765799522399902,-1.1005898714065552,1.9652159214019775,-0.683796763420105
International Flavors & Fragrances,IFF,Consumer Non-Durables,11.82,30.1,reports,0.310387521982193,-1.3594151735305786,-0.32558250427246094,-1.5992958545684814
eBay Inc.,EBAY,Consumer Services,37.65,7.9,reports,0.10488614439964294,-0.19348345696926117,-1.235230565071106,0.7006398439407349
PerkinElmer,PKI,Health Technology,13.92,47.6,reports,0.1070115938782692,-0.8070552349090576,-0.7824006676673889,-1.0351693630218506
Edison Int’l,EIX,Utilities,22.88,19.4,reports,3.351123094558716,-1.3567699193954468,2.1723430156707764,-0.701397716999054
Snap-on,SNA,Consumer Durables,9.18,15.8,reports,0.3540235757827759,-0.4470882713794708,-0.7020817399024963,-1.599656343460083
Ameriprise Financial,AMP,Finance,20.49,8.9,reports,-0.0721796303987503,0.9729273319244385,-1.8038192987442017,-0.9457646608352661
McCormick & Co.,MKC,Consumer Non-Durables,26.21,34.4,reports,1.1244767904281616,-1.1605877876281738,0.3366483449935913,-2.2868335247039795
FirstEnergy Corp,FE,Utilities,18.05,34.8,reports,2.861877679824829,-0.555908203125,1.3735698461532593,0.26069772243499756
PPL Corp.,PPL,Utilities,22.04,12.4,reports,3.46962571144104,-1.2385656833648682,2.246511936187744,-1.0314236879348755
The Cooper Companies,COO,Health Technology,19.01,63.2,reports,0.24634100496768951,-1.0387276411056519,-0.6711159348487854,0.31767553091049194
AFLAC Inc,AFL,Finance,26.98,9.4,reports,0.26791179180145264,-0.39195185899734497,-0.7579243779182434,-2.326772928237915
Western Union Co,WU,Finance,9.03,15.3,reports,-0.21533846855163574,-0.5796672701835632,-1.22567880153656,-0.4993002414703369
Advanced Micro Devices Inc,AMD,Electronic Technology,96.23,155.5,reports,0.5869138240814209,0.6094651222229004,-1.762860894203186,4.479712009429932
Lincoln National,LNC,Finance,7.16,32.7,reports,-0.5483776330947876,1.1519323587417603,-2.36539363861084,-0.45178914070129395
Lam Research,LRCX,Electronic Technology,51.35,20.3,reports,-0.1912471204996109,-0.12143011391162872,-1.5801607370376587,1.0994443893432617
Xcel Energy Inc,XEL,Utilities,37.55,26.7,reports,3.678158760070801,-1.6438690423965454,2.6023130416870117,-1.3826241493225098
Equifax Inc.,EFX,Commercial Services,18.61,43.3,reports,0.10061782598495483,-1.003419280052185,-0.6972726583480835,-1.260412573814392
Perrigo,PRGO,Health Technology,6.23,26.0,reports,0.5289631485939026,-0.42365843057632446,-0.859700620174408,1.6632879972457886
Kinder Morgan,KMI,Industrial Services,28.93,261.8,reports,1.612605333328247,0.6754716038703918,-0.3853382468223572,0.9535489082336426
Moody’s Corp,MCO,Commercial Services,51.03,29.9,reports,-0.14497213065624237,-0.4586060643196106,-1.1782019138336182,-1.1941083669662476
Allegion,ALLE,Producer Manufacturing,9.47,31.4,reports,0.19184212386608124,-0.6242128610610962,-0.841943621635437,-0.3507479131221771
NetApp,NTAP,Electronic Technology,10.41,13.5,reports,0.11143042147159576,0.2617156207561493,-1.4397597312927246,0.5417730212211609
DTE Energy Co.,DTE,Utilities,24.11,19.4,reports,3.693537712097168,-1.1021603345870972,2.3905482292175293,-1.76150381565094
Intuit Inc.,INTU,Technology Services,87.55,48.0,reports,0.1651112139225006,-0.7142397165298462,-0.765929639339447,-1.335529088973999
Zoetis Inc.,ZTS,Health Technology,77.68,48.2,reports,0.28983771800994873,-1.0808035135269165,-0.6522133350372314,0.5371502041816711
KLA Corporation,KLAC,Electronic Technology,31.51,26.4,reports,0.2025093287229538,-0.9036230444908142,-0.7719746828079224,0.23001505434513092
ConocoPhillips,COP,Energy Minerals,34.75,15.7,reports,2.059704303741455,2.1088931560516357,-0.6974913477897644,0.7621847987174988
Unum Group,UNM,Finance,4.08,4.2,reports,-0.4610351026058197,0.5533170104026794,-1.9317790269851685,-1.5431287288665771
ZIONS BANCORPORATION,ZION,Finance,5.44,13.7,reports,-0.6403045654296875,1.7667784690856934,-2.796835422515869,-0.08537953346967697
Lennar Corp.,LEN,Consumer Durables,24.48,10.7,reports,0.0692501962184906,-0.624991238117218,-1.1987199783325195,1.9938464164733887
Autodesk Inc.,ADSK,Technology Services,55.79,154.6,reports,0.03298121318221092,-0.13832224905490875,-1.4086065292358398,1.3700823783874512
Varian Medical Systems,VAR,Health Technology,15.73,55.8,reports,0.2291828840970993,-1.3790289163589478,-0.42009034752845764,-1.1047240495681763
Electronic Arts,EA,Consumer Durables,36.61,18.8,reports,-0.04387621209025383,-0.9846647381782532,-1.0922629833221436,1.446834683418274
Franklin Resources,BEN,Finance,11.5,11.3,reports,-0.31312087178230286,0.3858809173107147,-1.785575270652771,-0.6069858074188232
Pentair plc,PNR,Producer Manufacturing,8.65,24.6,reports,0.4826982915401459,0.7416287064552307,-1.2564914226531982,-0.22842663526535034
Juniper Networks,JNPR,Technology Services,7.39,21.8,reports,0.15273167192935944,0.06270100921392441,-1.2982441186904907,0.6720214486122131
Weyerhaeuser,WY,Finance,21.72,70.8,reports,0.9084681272506714,-0.6370097994804382,-0.2671663761138916,0.2558833062648773
Ameren Corp,AEE,Utilities,20.6,24.3,reports,3.1359381675720215,-1.1628482341766357,1.9241746664047241,-0.8483200073242188
Verisk Analytics,VRSK,Finance,30.73,60.3,reports,0.20899029076099396,-1.1722404956817627,-0.5234235525131226,-1.4169788360595703
Activision Blizzard,ATVI,Consumer Durables,62.55,34.5,reports,0.014121790416538715,-0.599687933921814,-1.1567845344543457,0.9625666737556458
IDEXX Laboratories,IDXX,Health Technology,36.54,80.0,reports,0.35997474193573,-1.582669734954834,-0.32042810320854187,0.35103660821914673
"Discovery, Inc. (Class A)",DISCA,Consumer Services,10.7,10.8,reports,0.5291286110877991,0.7607582807540894,-1.5000343322753906,2.234830379486084
"Discovery, Inc. (Class C)",DISCK,Consumer Services,9.69,9.7,reports,0.574964165687561,0.497631311416626,-1.285232424736023,1.8830888271331787
Constellation Brands,STZ,Consumer Non-Durables,34.36,36.0,reports,0.5416505932807922,-1.352889895439148,-0.1659359484910965,-0.9085841178894043
Skyworks Solutions,SWKS,Electronic Technology,25.02,32.9,reports,-0.11159330606460571,0.08645892888307571,-1.7488199472427368,2.274052143096924
Fox Corporation (Class A),FOXA,Consumer Services,16.17,17.0,reports,0.2616369128227234,-0.21065236628055573,-1.0521929264068604,0.3405874967575073
Fox Corporation (Class B),FOX,Consumer Services,16.09,17.0,reports,0.4898795485496521,-0.158772274851799,-0.9015344977378845,0.7346788644790649
D. R. Horton,DHI,Consumer Durables,26.57,12.8,reports,0.026772528886795044,-0.6970192193984985,-1.2260551452636719,2.1158478260040283
Martin Marietta Materials,MLM,Non-Energy Minerals,16.34,26.0,reports,0.5572030544281006,0.5588924288749695,-1.2532689571380615,1.2755228281021118
Invesco Ltd.,IVZ,Finance,6.42,13.8,reports,-0.5280563235282898,0.600577175617218,-2.055659294128418,-0.5044957399368286
The Clorox Company,CLX,Consumer Non-Durables,26.61,28.5,reports,1.3783053159713745,-1.7029354572296143,0.7787208557128906,-1.9434727430343628
CMS Energy,CMS,Utilities,18.85,24.9,reports,3.87546968460083,-1.1461939811706543,2.545336961746216,-1.205010175704956
Vulcan Materials,VMC,Non-Energy Minerals,19.26,30.8,reports,0.6091485023498535,0.28473997116088867,-1.0879936218261719,1.244293451309204
Netflix Inc.,NFLX,Consumer Services,215.34,78.4,reports,0.2022865116596222,-0.04707351699471474,-1.4733535051345825,2.6663241386413574
Citrix Systems,CTXS,Technology Services,15.16,21.4,reports,-0.3824974596500397,-0.7431248426437378,-1.428248643875122,0.7750176191329956
Equinix,EQIX,Finance,68.86,134.9,reports,0.8519219160079956,-1.3164981603622437,-0.03909162059426308,0.7369412779808044
Eversource Energy,ES,Utilities,31.52,26.6,reports,3.4541962146759033,-1.493001937866211,2.374950647354126,-1.3098313808441162
Regeneron Pharmaceuticals,REGN,Health Technology,61.69,22.3,reports,0.009123386815190315,-0.38708624243736267,-1.6821026802062988,3.8626718521118164
Cadence Design Systems,CDNS,Technology Services,31.25,28.4,reports,-0.4811842143535614,-0.7354103326797485,-1.4602535963058472,0.12373221665620804
Comerica Inc.,CMA,Finance,6.45,12.3,reports,-0.6517716646194458,1.514717698097229,-2.6785285472869873,-0.38502055406570435
Qorvo,QRVO,Electronic Technology,15.5,40.7,reports,0.10137725621461868,0.1070212721824646,-1.6966584920883179,2.8117690086364746
ResMed,RMD,Health Technology,26.52,42.8,reports,0.4966256618499756,-0.7886295914649963,-0.5589197278022766,0.2831305265426636
Akamai Technologies Inc,AKAM,Technology Services,17.37,32.7,reports,-0.08279965072870255,-0.4795389473438263,-1.3071054220199585,1.1823344230651855
Illumina Inc,ILMN,Health Technology,47.35,69.6,reports,0.09990543872117996,-0.731361985206604,-1.2651755809783936,2.823984384536743
WEC Energy Group,WEC,Utilities,32.22,27.5,reports,3.5097880363464355,-1.8876049518585205,2.5482020378112793,-1.1184883117675781
Waters Corporation,WAT,Health Technology,13.74,27.7,reports,-0.21341794729232788,-0.9490138292312622,-1.0252586603164673,-1.0898882150650024
Biogen Inc.,BIIB,Health Technology,40.78,8.8,reports,-0.11077515035867691,-0.8012298345565796,-1.3620147705078125,2.393234968185425
T. Rowe Price Group,TROW,Finance,33.62,17.4,reports,-0.14975140988826752,0.04965014010667801,-1.3819986581802368,-1.7500419616699219
Intuitive Surgical Inc.,ISRG,Health Technology,86.46,83.5,reports,-0.18131090700626373,-1.0041170120239258,-1.0998094081878662,0.5555493831634521
JM Smucker,SJM,Consumer Non-Durables,13.18,15.3,reports,1.2971476316452026,-0.8605177402496338,0.33165356516838074,-1.9785685539245605
Public Service Enterprise Group (PSEG),PEG,Utilities,30.81,17.7,reports,3.090872049331665,-0.7656424641609192,1.703684687614441,-0.7112976908683777
Kansas City Southern,KSU,Transportation,17.27,30.2,reports,0.3704012632369995,0.14019007980823517,-1.1229534149169922,0.41856902837753296
American Water Works Company Inc,AWK,Utilities,27.92,43.6,reports,3.0810177326202393,-1.0683192014694214,1.904776692390442,-1.4133131504058838
People’s United Financial,PBCT,Finance,4.86,9.8,reports,0.1748439371585846,0.8253514170646667,-1.4547665119171143,-1.6589213609695435
Hologic,HOLX,Health Technology,17.59,27.5,reports,0.08500754833221436,-0.8526186943054199,-0.9198979735374451,0.46714091300964355
FMC Corporation,FMC,Process Industries,13.96,29.6,reports,0.609211266040802,0.5808717608451843,-1.0814056396484375,0.16001681983470917
Albemarle Corp,ALB,Process Industries,10.26,23.1,reports,0.598262369632721,0.3614211678504944,-1.0523643493652344,0.48148396611213684
Intercontinental Exchange,ICE,Finance,55.54,25.7,reports,0.2579573392868042,-0.6586857438087463,-0.7595700025558472,-0.6457261443138123
Public Storage,PSA,Finance,41.1,33.5,reports,1.6901938915252686,-1.7995843887329102,0.9844778776168823,-0.5745242834091187
Citizens Financial Group,CFG,Finance,12.43,13.1,reports,-0.7654651403427124,1.000374674797058,-2.575791120529175,0.11689233779907227
Hasbro Inc.,HAS,Consumer Durables,12.61,30.7,reports,0.4457654058933258,-0.7955731749534607,-0.553837239742279,-0.23325273394584656
American Tower Corp.,AMT,Finance,104.58,54.7,reports,1.1773957014083862,-1.4126471281051636,0.4001721143722534,-0.7300386428833008
F5 Networks,FFIV,Electronic Technology,7.85,23.9,reports,0.046889979392290115,-0.20325309038162231,-1.2774438858032227,0.8227087259292603
Cincinnati Financial,CINF,Finance,12.45,22.9,reports,0.6606976389884949,-1.0637035369873047,-0.08526865392923355,-2.4625890254974365
Crown Castle International Corp.,CCI,Finance,68.32,97.9,reports,1.269680380821228,-0.9666574001312256,0.2917407155036926,-1.1327688694000244
"HARLEY-DAVIDSON, INC",HOG,Consumer Durables,4.22,54.6,reports,0.38775190711021423,0.028005283325910568,-1.083702802658081,0.4723069965839386
Xilinx,XLNX,Electronic Technology,28.63,46.0,reports,-0.06682135164737701,-0.524860680103302,-1.1411705017089844,-0.2600003778934479
Williams Companies,WMB,Industrial Services,24.22,193.2,reports,1.5993093252182007,1.328423023223877,-0.9245445132255554,2.2332794666290283
Brown-Forman Corp.,BF.B,Consumer Non-Durables,35.6,37.4,reports,1.0109000205993652,-0.9641760587692261,0.09254129976034164,-1.1723610162734985
Church & Dwight,CHD,Consumer Non-Durables,22.73,31.7,reports,1.3362584114074707,-1.6403329372406006,0.7192935943603516,-2.022505044937134
NRG Energy,NRG,Utilities,8.22,2.0,reports,2.2994437217712402,1.089776873588562,-0.29391852021217346,2.946960210800171
Simon Property Group Inc,SPG,Finance,20.3,11.7,reports,1.8181095123291016,-1.835594892501831,1.084019422531128,-0.1275475025177002
"Nasdaq, Inc.",NDAQ,Finance,21.21,23.8,reports,0.4805603325366974,-0.6467301845550537,-0.5707284808158875,-0.4913561940193176
CME Group Inc.,CME,Finance,58.76,24.7,reports,0.2378428429365158,0.05516338720917702,-1.0869566202163696,-0.7093204855918884
FLIR Systems,FLIR,Electronic Technology,4.74,35.2,reports,0.18863986432552338,-0.03153005987405777,-1.1639926433563232,-0.03488732501864433
ANSYS,ANSS,Technology Services,28.33,71.2,reports,0.06618477404117584,-0.9637192487716675,-0.7831986546516418,-0.6239112615585327
Extra Space Storage,EXR,Finance,15.16,35.4,reports,1.6888697147369385,-1.9251078367233276,0.9966554045677185,0.1864410638809204
Alliant Energy Corp,LNT,Utilities,14.15,21.4,reports,3.5698509216308594,-1.3146246671676636,2.3438994884490967,-1.029366135597229
Monster Beverage,MNST,Consumer Non-Durables,42.4,38.1,reports,0.7040044069290161,-1.1718556880950928,-0.2739037871360779,1.0556907653808594
AvalonBay Communities,AVB,Finance,20.62,26.2,reports,1.9122989177703857,-2.2294538021087646,1.3558088541030884,-0.37088313698768616
Alexion Pharmaceuticals,ALXN,Health Technology,26.65,32.0,reports,0.05549266189336777,-0.26892462372779846,-1.6517983675003052,3.720820426940918
Vertex Pharmaceuticals Inc,VRTX,Health Technology,55.11,26.6,reports,0.027547739446163177,-0.046728406101465225,-1.8260148763656616,3.8590481281280518
CF Industries Holdings Inc,CF,Process Industries,5.9,16.0,reports,1.4516487121582031,1.4230204820632935,-1.1615062952041626,2.7301523685455322
EOG Resources,EOG,Energy Minerals,21.84,61.6,reports,2.1219494342803955,2.6919517517089844,-1.054173469543457,1.6964318752288818
ONEOK,OKE,Industrial Services,13.57,20.5,reports,2.074686050415039,1.260270118713379,-0.4242706894874573,2.1365063190460205
Equity Residential,EQR,Finance,18.89,17.0,reports,1.8695392608642578,-1.757530689239502,1.1535143852233887,-0.5851658582687378
Mid-America Apartments,MAA,Finance,13.57,40.3,reports,1.9245208501815796,-1.9475195407867432,1.2426049709320068,-0.09157606214284897
Pioneer Natural Resources,PXD,Energy Minerals,14.07,33.0,reports,2.170112371444702,2.414386510848999,-1.000886082649231,2.6618001461029053
Prologis,PLD,Finance,75.95,40.3,reports,1.5580534934997559,-1.3983782529830933,0.6980977654457092,-0.303318053483963
Everest Re Group Ltd.,RE,Finance,8.55,15.9,reports,0.47104617953300476,-0.5760007500648499,-0.524590015411377,-1.4642914533615112
Digital Realty Trust Inc,DLR,Finance,40.97,53.6,reports,1.78994619846344,-1.291341781616211,0.7321262955665588,0.8023046255111694
"UDR, Inc.",UDR,Finance,9.67,52.3,reports,1.8902438879013062,-1.9732402563095093,1.2130357027053833,-0.386540025472641
SL Green Realty,SLG,Finance,3.42,18.9,reports,1.4336704015731812,-1.2488173246383667,0.5123617649078369,-0.21783001720905304
Apartment Investment & Management,AIV,Finance,5.07,27.9,reports,1.9280714988708496,-1.8008476495742798,1.1843247413635254,-0.2612040936946869
Verisign Inc.,VRSN,Technology Services,23.06,30.0,reports,0.2825942635536194,-0.8723976016044617,-0.6731724143028259,-0.11304663866758347
Cboe Global Markets,CBOE,Finance,8.89,19.4,reports,-0.05944650620222092,-0.793010413646698,-1.0119192600250244,-0.21215465664863586
Boston Properties,BXP,Finance,13.26,11.9,reports,1.6184457540512085,-1.5585218667984009,0.8491354584693909,-0.7220317721366882
Ventas Inc,VTR,Finance,15.99,39.2,reports,2.1015000343322754,-1.8809795379638672,1.284231185913086,0.6178837418556213
Kimco Realty,KIM,Finance,4.96,5.1,reports,2.2521591186523438,-1.1607232093811035,1.148810625076294,0.014418642967939377
Regency Centers Corporation,REG,Finance,6.48,70.5,reports,2.183710813522339,-1.735016107559204,1.3588857650756836,-0.20447923243045807
Alexandria Real Estate Equities,ARE,Finance,20.2,49.3,reports,1.6488122940063477,-1.6322129964828491,0.8799899816513062,-0.38172969222068787
Duke Realty Corp,DRE,Finance,14.33,38.1,reports,1.6615495681762695,-1.8887120485305786,1.0201172828674316,-0.6202394366264343
Federal Realty Investment Trust,FRT,Finance,5.69,21.1,reports,2.250354290008545,-1.7401643991470337,1.424785852432251,-0.39209291338920593
Cabot Oil & Gas,COG,Energy Minerals,7.84,25.6,reports,2.2530744075775146,1.8844053745269775,-0.793134868144989,3.28667950630188
Realty Income Corporation,O,Finance,20.73,41.3,reports,2.245379686355591,-1.9221526384353638,1.4552055597305298,0.10222620517015457
Host Hotels & Resorts,HST,Finance,8.1,99.7,reports,0.8498873710632324,0.11745160818099976,-0.6673084497451782,0.15965887904167175
Pinnacle West Capital,PNW,Utilities,9.76,16.1,reports,3.7221736907958984,-1.2004116773605347,2.4565911293029785,-1.3385004997253418
