"","EBIT","Operating.Cash.Flow","Operating.Income","EBITDA","Free.Cash.Flow","Gross.Profit","Net.Income.Com","Consolidated.Income","Stock.based.compensation","Dividends.per.Share.Growth","Days.Payables.Outstanding","daysOfInventoryOutstanding"
"1",1.021e+09,1.087e+09,9.28e+08,1.231e+09,9.11e+08,2.687e+09,3.16e+08,3.16e+08,7e+07,0.1288,25.2544,57.6394
"2",2.94e+09,3.533e+09,2.656e+09,5.099e+09,9.95e+08,2.4141e+10,1.412e+09,1.412e+09,8.6e+07,0,14.5292,13.9802
"3",611852000,811028000,604275000,850036000,619201000,4219413000,423847000,423847000,27760000,0,120.877,23.8102
"4",7.2903e+10,7.7434e+10,7.0898e+10,8.3806e+10,6.4121e+10,1.01839e+11,5.9531e+10,5.9531e+10,5.34e+09,0.1333,76.8054,67.3325
"5",6.341e+09,1.3427e+10,6.383e+09,8.106e+09,1.2789e+10,2.5035e+10,5.687e+09,5.687e+09,4.21e+08,0.4023,132.9593,59.9994
"6",1394635000,1411388000,1443685000,1713118000,1074977000,4612317000,1658405000,1615892000,62316000,0.0411,58.3273,24.5903
"7",3.733e+09,6.3e+09,3.65e+09,7.011e+09,4.906e+09,1.7872e+10,2.368e+09,2.368e+09,4.77e+08,0.0566,35.5116,61.8559
"8",5672945000,6026691000,5898779000,6599721000,5407504000,12493364000,4059907000,4214594000,976908000,0.0992,12.0098,66.7481
"9",2883118000,4029304000,2840369000,3229610000,3762725000,7835009000,2590774000,2590774000,609562000,0,7.5287,53.1767
"10",1892106000,2442361000,1881735000,2691169000,2187485000,4233302000,1495432000,1495432000,151165000,0.0678,15.3582,37.655
"11",2.419e+09,-4.784e+09,1.845e+09,3.36e+09,-5.626e+09,4.181e+09,1.81e+09,1.815e+09,1.09e+08,0.0469,46.3646,12.6676
"12",2385300000,2515200000,2557400000,2762900000,2044800000,5516800000,1884900000,1884900000,175400000,0.125,3.7081,55.0388
"13",1894300000,2754900000,1894300000,2381600000,2555100000,3570300000,963100000,963100000,80800000,0.0962,22.7774,110.3545
"14",-509100000,9e+05,-509100000,-400700000,-49800000,1753200000,-566900000,-566900000,261400000,0,16.8071,77.7706
"15",1.453e+09,2.17e+09,1.357e+09,2.391e+09,-1.68e+08,2.312e+09,8.15e+08,8.21e+08,2e+07,0.0394,47.4018,48.5622
"16",3023500000,5223200000,2682700000,5310100000,-1087700000,5039900000,1923800000,1931300000,0,0.0586,42.2408,43.4172
"17",2.967e+09,2.343e+09,2.115e+09,3.97e+09,2.22e+08,2.573e+09,1.203e+09,1.565e+09,0,0.0833,45.183,54.2264
"18",4.205e+09,6.014e+09,4.205e+09,4.205e+09,6.014e+09,9.758e+09,2.92e+09,2.92e+09,0,0.1954,17.6478,14.2759
"19",-5955900000,5640100000,-6247600000,792700000,5.417e+09,1.3596e+10,-5142800000,-5086200000,239800000,0.0286,110.6786,66.3096
"20",1.457e+09,6.1e+07,1.573e+09,6.819e+09,6.1e+07,1.6223e+10,-6e+06,6.1e+07,0,0,0,84.809
"21",853834000,396388000,215756000,1231620000,514732000,643588000,656597000,716603000,8550000,0.0552,0,0
"22",432200000,656700000,433800000,559100000,5.74e+08,5.715e+09,236800000,252600000,57100000,0.0605,259.277,489.6579
"23",575400000,765100000,7.69e+08,994400000,640700000,4214300000,633500000,675900000,55300000,0.0513,302.1594,255.6948
"24",386291000,1008327000,362499000,820811000,602586000,1760989000,298373000,298373000,183813000,0,13.3239,64.528
"25",890793000,546165000,701112000,1091491000,-153826000,1217256000,693562000,739139000,15228000,0.0469,56.51,71.1378
"26",457958000,554681000,466564000,512685000,331369000,1447867000,400235000,400235000,70763000,0,11.9265,81.4843
"27",6.76e+08,1.195e+09,6.43e+08,1.074e+09,2.35e+08,4.415e+09,4.37e+08,4.37e+08,4.7e+07,0.0667,5.8301,16.1653
"28",3.076e+09,5.175e+09,8.939e+09,3.587e+09,4.898e+09,1.4349e+10,2.104e+09,2.252e+09,0,0.2432,0,56.4162
"29",528700000,457800000,525800000,614900000,408900000,1173300000,434900000,435400000,19600000,0.3125,31.3999,43.412
"30",340400000,4.26e+08,386100000,745700000,2.13e+08,3756900000,77600000,77600000,2.03e+08,0,61.6874,81.4871
"31",4.928e+09,3.787e+09,4.796e+09,5.385e+09,3.165e+09,7.817e+09,3.313e+09,3.313e+09,2.58e+08,0.5,57.5648,49.1448
"32",4.49e+08,3.4e+07,4.51e+08,6.19e+08,-1.29e+08,2.447e+09,3.37e+08,3.37e+08,1.37e+08,0,58.6819,69.6178
"33",1069925000,925518000,1075540000,1269415000,846012000,1659562000,777933000,777933000,27315000,0.5556,30.0964,55.1988
"34",505500000,1140600000,7.67e+08,527500000,1121900000,2378400000,243600000,532300000,101100000,0.5,114.5766,61.4779
"35",1.0937e+10,1.1296e+10,1.0263e+10,1.2883e+10,1.0558e+10,1.9646e+10,8.394e+09,8.394e+09,3.11e+08,0.1478,18.552,55.0259
"36",3.403e+09,2.597e+09,3.403e+09,3.601e+09,2.435e+09,1.0533e+10,2.098e+09,2.098e+09,1.44e+08,0.0895,52.9513,175.8882
"37",1951700000,3748300000,1.905e+09,4062500000,2835100000,5262300000,1.227e+09,1264700000,137500000,0.2023,24.9315,22.5178
"38",1.2687e+10,3.0723e+10,1.2421e+10,2.8028e+10,1.94e+10,9.3731e+10,1.0073e+10,1.0073e+10,5.418e+09,0,59.8577,26.1376
"39",487085000,486437000,476574000,546340000,464675000,1137751000,419375000,419375000,83346000,0,2.2439,150.6156
"40",5.821e+09,3.827e+09,5.832e+09,6.953e+09,2.619e+09,2.021e+10,3.75e+09,3.75e+09,2.26e+08,0.1111,52.3653,36.8586
"41",1.558e+09,1.686e+09,1.544e+09,2.327e+09,1.446e+09,1.077e+10,1.134e+09,1.174e+09,3.38e+08,0.3901,65.8491,93.5376
"42",566200000,448900000,5.45e+08,638100000,363700000,1305500000,444200000,444200000,10100000,0.3571,62.2626,74.1129
"43",1.19e+09,3.777e+09,1.36e+09,3.595e+09,1.1e+07,2.438e+09,4e+07,2.86e+08,0,0,35.2184,59.31
"44",2152600000,2554700000,1965600000,3123300000,986300000,2740700000,1497800000,1532900000,38800000,0.4365,74.2981,64.5991
"45",1678200000,1112700000,1686900000,1977900000,807100000,2654900000,1.205e+09,1216900000,55600000,0.2571,39.6284,79.7375
"46",1.458e+09,1.628e+09,1.473e+09,2.134e+09,7.82e+08,2.729e+09,1.067e+09,1.107e+09,5.8e+07,-0.952,59.017,62.8857
"47",536807000,570339000,371962000,1014468000,-356829000,946339000,363983000,402793000,35019000,0.0812,269.9315,2.6941
"48",1.246e+09,2.17e+08,1.325e+09,1.822e+09,-5.51e+08,2.617e+09,6.42e+08,6.42e+08,5e+07,0,55.4506,39.016
"49",1.948e+09,1.79e+09,1.988e+09,2.457e+09,1.659e+09,4.983e+09,1.813e+09,1.813e+09,2.09e+08,0.1333,12.3127,50.37
"50",1195339000,1301111000,821890000,1826535000,-264395000,1513975000,974525000,974175000,20280000,0.0352,0,0
"51",4.803e+09,8.88e+09,5.135e+09,8.884e+09,8.484e+09,1.0733e+10,1.2259e+10,1.261e+10,1.227e+09,0.7157,14.1987,58.213
"52",611300000,457900000,7.88e+08,792300000,210700000,1915500000,467400000,467400000,34300000,-0.0905,52.5398,60.6566
"53",1.416e+09,1.386e+09,1.379e+09,1.961e+09,-2.87e+08,1.961e+09,5.67e+08,5.65e+08,0,0.0988,18.5683,51.673
"54",8.122e+09,8.93e+09,8.122e+09,9.415e+09,7.62e+09,3.6986e+10,6.921e+09,6.921e+09,2.83e+08,0.0992,120.9397,574.6189
"55",459400000,351500000,460800000,539700000,307900000,1485400000,349600000,349600000,32300000,0,44.741,63.2683
"56",1810856000,2080292000,1810856000,2155940000,1558045000,5973746000,1337536000,1337536000,43674000,0,143.4284,8.3967
"57",1.2079e+10,1.5322e+10,1.1912e+10,1.4193e+10,1.372e+10,1.9637e+10,1.046e+10,1.046e+10,2.02e+08,0.2042,46.618,60.5717
"58",3.4584e+10,3.952e+10,3.7866e+10,3.6647e+10,3.952e+10,9.1247e+10,2.6696e+10,2.8147e+10,1.729e+09,0.3846,0,263.2647
"59",1.732e+09,2.096e+09,1.599e+09,2.517e+09,1.415e+09,4.781e+09,1.624e+09,1.624e+09,1.15e+08,0.1967,92.8984,59.4392
"60",4.04e+09,4.349e+09,4.06e+09,4.595e+09,4.349e+09,1.0992e+10,3.063e+09,3.257e+09,1.41e+08,0.2381,180.408,0
"61",1.893e+09,2.141e+09,1.843e+09,2.576e+09,1.453e+09,9.876e+09,1e+09,1e+09,1.29e+08,-0.1338,42.197,9.0837
"62",1.879e+09,2.865e+09,1.497e+09,3.857e+09,1.97e+09,7.262e+09,1.59e+08,3.11e+08,4e+08,0.0274,105.3917,52.9585
"63",2285600000,2229700000,2118600000,2442700000,2123200000,6319100000,764400000,742700000,117800000,3.9,13.1061,48.9759
"64",9.84e+08,3.062e+09,9.89e+08,1.002e+09,3.062e+09,4.614e+09,8.65e+08,8.7e+08,0,0,205.8901,557.6581
"65",5856300000,6187700000,5888600000,6872900000,5414100000,11636600000,4430700000,4.474e+09,157500000,0,10.0523,67.4331
"66",5.204e+09,5.996e+09,5.181e+09,6.543e+09,4.911e+09,1.6392e+10,4.097e+09,4.254e+09,0,0.2093,439.3494,0
"67",5.565e+09,3.075e+09,5.457e+09,5.785e+09,2.871e+09,1.1525e+10,4.305e+09,4.302e+09,5.64e+08,0.2093,33.2145,68.3057
"68",9.41e+08,1.566e+09,9.35e+08,1.643e+09,7.5e+08,2.306e+09,4.54e+08,4.53e+08,0,0.0959,97.0928,56.5303
"69",5.941e+09,5.94e+09,5.968e+09,6.578e+09,4.989e+09,1.6014e+10,4.92e+09,4.947e+09,2.21e+08,0.0256,30.6095,96.5039
"70",1.663e+09,3.1e+08,1.506e+09,2.557e+09,8e+06,7.01e+09,1.671e+09,1.671e+09,1.4e+08,0,12.968,59.7496
"71",1200700000,1126500000,1189900000,1.632e+09,579900000,2229400000,930700000,984600000,52900000,0.1525,74.32,68.9124
"72",961015000,1150245000,925497000,1606664000,42034000,1704062000,582847000,712563000,40117000,0.1475,37.1633,22.3842
"73",2.3402e+10,3.6952e+10,2.3445e+10,2.7156e+10,3.339e+10,6.5286e+10,1.8045e+10,1.808e+10,0,0.6042,323.502,177.6052
"74",1.119e+09,1.198e+09,1.148e+09,1.497e+09,1.15e+09,3.635e+09,4.76e+08,4.76e+08,1.2e+08,0.420080728051392,59.8663490364026,68.9664192719486
"75",1141700000,954200000,1033500000,1398700000,710600000,2351500000,808400000,811800000,37900000,-0.0544,41.6253,26.1808
"76",9.8e+07,2.768e+09,1.03e+08,1.13e+09,2.384e+09,7.181e+09,2.56e+08,2.59e+08,8.5e+07,0.0293,52.4973,20.81
"77",8.249e+09,6.558e+09,8.293e+09,1.1015e+10,4.578e+09,1.7003e+10,6.147e+09,6.148e+09,0,0.0581,47.0307,212.7688
"78",5.298e+09,5.48e+09,5.298e+09,5.637e+09,5.48e+09,1.406e+10,3.962e+09,3.962e+09,0,0.0284,210.1285,140.7811
"79",610700000,534700000,599400000,814700000,498400000,1216900000,422100000,425200000,35100000,0.1154,36.8586,37.8736
"80",2.7e+09,1.426e+09,2.699e+09,2.923e+09,1.261e+09,5.403e+09,1.96e+09,1.96e+09,1.46e+08,0,5.0548,101.6236
"81",1.332e+09,2.502e+09,1.432e+09,2.86e+09,7.61e+08,3.576e+09,5.58e+08,6.71e+08,1.03e+08,0.0962,21.0668,125.6602
"82",3.4e+09,5.549e+09,3.325e+09,5.417e+09,2.189e+09,7.792e+09,3.152e+09,3.152e+09,6.5e+07,0.2188,14.1121,6.9207
"83",399529000,604751000,396209000,518250000,543248000,1879275000,345777000,345777000,167715000,0,43.7937,51.7369
"84",5.573e+09,5.171e+09,5.191e+09,6.208e+09,4.841e+09,1.4694e+10,4.046e+09,4.046e+09,9.54e+08,0,9.9843,49.3482
"85",800851000,1454009000,774785000,1443442000,733388000,4428977000,630059000,630059000,95423000,0,19.9652,80.4974
"86",6.5e+08,1.497e+09,7.3e+08,1.538e+09,1.101e+09,9.17e+08,2.9e+08,4.28e+08,2.2e+07,0,44.9142,19.3667
"87",2.154e+09,1.767e+09,2.183e+09,2.643e+09,1.298e+09,5.802e+09,1.692e+09,1.721e+09,4.1e+07,0.5313,0,0
"88",798900000,763600000,791700000,9.4e+08,703200000,1840800000,568600000,568600000,23300000,0.1447,63.8369,30.3998
"89",1.35e+09,2e+09,8.82e+08,2.495e+09,2.111e+09,3.012e+09,7.75e+08,8.77e+08,3.2e+07,0,27.2207,44.4878
"90",912083000,792896000,912083000,1008812000,729025000,2705235000,664505000,664505000,77403000,0.0387,21.3108,47.4585
"91",4.95e+09,1.1767e+10,5.336e+09,1.5268e+10,2.172e+09,4.3634e+10,1.23e+09,1.506e+09,2.9e+08,0,73.6541,14.4966
"92",4.07e+09,3.77e+09,4.16e+09,4.765e+09,3.242e+09,1.6329e+10,2.637e+09,2.646e+09,0,0,113.0487,119.8911
"93",3.04e+08,1.181e+09,3.04e+08,3.67e+08,1.161e+09,1.917e+09,2.87e+08,2.87e+08,2.8e+07,-0.152,0,160.3246
"94",3.449e+09,3.056e+09,3.694e+09,3.96e+09,2.62e+09,9.231e+09,2.4e+09,2.558e+09,1.09e+08,0.044,28.6947,32.8744
"95",1.139e+09,9.76e+08,1.139e+09,1.305e+09,7.82e+08,2.675e+09,8.23e+08,8.23e+08,5.3e+07,0.0875,59.6612,35.7609
"96",1.535e+09,1.616e+09,1.535e+09,1.655e+09,1.526e+09,3.329e+09,1.227e+09,1.235e+09,4.8e+07,0.6881,0,0
"97",1.8653e+10,2.4297e+10,1.9009e+10,2.9329e+10,1.1985e+10,9.4507e+10,1.1731e+10,1.1862e+10,8.26e+08,0.9387,32.8051,42.8853
"98",2.934e+09,2440800000,2607600000,3182700000,2324100000,4309400000,1962200000,1963700000,96500000,-0.259,9.825,46.8637
"99",268436000,621552000,258368000,470415000,334162000,910992000,176553000,176553000,69164000,0,8.4833,4.675
"100",2.821e+09,2.378e+09,2.438e+09,3.432e+09,1.614e+09,5.737e+09,2.141e+09,2.187e+09,5.3e+07,0.0546,43.3314,59.3618
"101",1.533e+09,1.703e+09,1.465e+09,2.466e+09,-3.71e+08,2.398e+09,6.57e+08,6.59e+08,0,0.0728,38.927,152.5215
"102",1.717e+09,1.234e+09,1.458e+09,2.212e+09,5.59e+08,8.421e+09,9e+08,8.94e+08,1.45e+08,0,24.596,31.2687
"103",8.75e+08,2.136e+09,8.31e+08,2.118e+09,4.85e+08,2.074e+09,3.33e+08,3.68e+08,0,0.0364,42.7425,54.0485
"104",7.308e+09,1.2978e+10,7.318e+09,9.704e+09,1.2104e+10,2.222e+10,5.71e+09,6.015e+09,1.7e+08,0,0,0
"105",771338000,1104903000,770664000,1188817000,210433000,1414931000,557043000,557043000,31443000,0.4706,40.3573,60.4516
"106",1.374e+09,-3.1e+08,1.466e+09,1.964e+09,-5.67e+08,2.283e+09,1.032e+09,1.032e+09,9.3e+07,0.420080728051392,59.8663490364026,68.9664192719486
"107",414600000,668900000,403100000,689700000,475300000,1632300000,139900000,139900000,43200000,0,41.4891,53.9977
"108",1.066e+10,1.2934e+10,1.1044e+10,1.6616e+10,6.184e+09,1.8172e+10,6.257e+09,6.305e+09,0,0.0943,36.7102,38.3313
"109",4.556e+09,5.774e+09,4.48e+09,5.993e+09,2.805e+09,1.8424e+10,3.134e+09,3.179e+09,5.44e+08,-0.7596,28.9703,4.3029
"110",71500000,413700000,153300000,808500000,-32700000,5790200000,-168800000,-127800000,30600000,-0.2308,74.9031,59.6552
"111",5.5e+08,1.305e+09,1.01e+09,9.44e+08,8.98e+08,2.374e+09,2.61e+08,2.61e+08,6.1e+07,0,38.9002,31.065
"112",5.07e+08,2.738e+09,4.54e+08,1.26e+09,2.204e+09,7.767e+09,3.6e+08,3.6e+08,9.97e+08,0,2.6319,135.7842
"113",1.3982e+10,1.3666e+10,1.2309e+10,1.6174e+10,1.2891e+10,3.0606e+10,1.1e+08,1.1e+08,1.576e+09,0.1273,14.088,113.8359
"114",4.943e+09,4.641e+09,4.773e+09,6.274e+09,3.215e+09,4.773e+09,3.309e+09,3.309e+09,0,0.1282,28.2763,30.0939
"115",1009830000,964160000,949834000,1289246000,692461000,2908523000,842586000,842586000,112835000,0.218,12.1208,45.3434
"116",6.14e+08,7.032e+09,5.7e+08,5.734e+09,4.015e+09,1.2581e+10,-1.733e+09,-1.733e+09,1.86e+08,0,30.0962,37.3361
"117",2.826e+09,2.592e+09,2.801e+09,3.324e+09,2.215e+09,6.287e+09,2.101e+09,2.101e+09,2.67e+08,0.7778,4.8667,73.7243
"118",709617000,1035345000,677960000,851513000,965991000,2540100000,575667000,575667000,203619000,-0.9804,9.2727,84.4928
"119",4.027e+09,8.865e+09,4.021e+09,6.745e+09,6.828e+09,3.1538e+10,-5.94e+08,-5.96e+08,2.8e+08,0,16.7419,33.073
"120",2.1287e+10,3.0618e+10,2.1323e+10,4.0706e+10,1.9218e+10,4.635e+10,1.4824e+10,1.486e+10,0,0.037,30.6173,37.2858
"121",3.038e+09,2.558e+09,2.098e+09,4.516e+09,-1.64e+08,3.201e+09,2.286e+09,2.286e+09,8.2e+07,0,26.643,73.0703
"122",4.52e+09,4.773e+09,3.601e+09,6.8e+09,3.68e+08,5.624e+09,2.447e+09,2.549e+09,0,0.1005,24.9596,56.8008
"123",5.462e+09,7.014e+09,5.264e+09,7.791e+09,1.846e+09,2.6493e+10,3.935e+09,3.935e+09,0,0.2894,24.4439,19.0065
"124",5298900000,1820300000,5274300000,7.226e+09,352900000,11786500000,2368400000,2370600000,83800000,0.075,100.049,330.3961
"125",3.544e+09,5.191e+09,3.597e+09,3.979e+09,4.937e+09,7.674e+09,2.689e+09,2.742e+09,0,0.1538,0,0
"126",2004316000,1802108000,2007818000,2408547000,1157080000,7221359000,1538960000,1538960000,34323000,0.04,31.2542,0
"127",1.085e+09,1.2e+09,1.101e+09,1.394e+09,8.17e+08,2.605e+09,7.36e+08,7.88e+08,6.1e+07,0.0833,49.4841,49.0479
"128",2.058e+09,545200000,2011900000,2120400000,406900000,3669900000,1460300000,1462300000,55800000,0.25,14.1907,0
"129",3450200000,4.022e+09,3403800000,4757900000,3372600000,11107100000,2650900000,2650900000,151400000,0.1429,31.4267,64.0277
"130",1.4835e+10,1.4295e+10,1.4804e+10,1.7846e+10,9.83e+09,2.6708e+10,1.2598e+10,1.3066e+10,3.93e+08,0.0769,58.2131,57.3226
"131",1.664e+09,2.576e+09,1.85e+09,3.062e+09,2.429e+09,6.618e+09,5.94e+08,6.81e+08,8e+07,0,11.2409,90.6188
"132",1.684e+09,2.576e+09,2.6e+09,6.437e+09,2.429e+09,6.618e+09,6.14e+08,6.14e+08,8e+07,0.420080728051392,59.8663490364026,68.9664192719486
"133",2123781000,2517841000,2147621000,2835805000,2123903000,4354553000,1575091000,1655491000,36261000,0,6.2637,17.1457
"134",654859000,1385324000,549787000,1425134000,60162000,1959897000,249930000,341115000,27159000,0.086,139.5204,35.8977
"135",2005800000,1510200000,1999100000,2.617e+09,878300000,7021900000,1714300000,1714300000,65700000,0,19.2759,0
"136",835472000,798635000,843112000,1118052000,633549000,2559556000,570267000,570267000,23698000,0.044,50.6111,64.3051
"137",477563000,484407000,438912000,733813000,-227428000,595617000,383729000,387268000,0,-0.4969,35.5377,63.4613
"138",7.59e+08,1001300000,766800000,1072100000,608600000,1745400000,5.96e+08,5.96e+08,42800000,0.125,12.5128,3.781
"139",1.777e+09,2.68e+09,1.594e+09,2.901e+09,-3.3e+07,3.15e+09,1.12e+09,1.118e+09,0,0.07,34.1321,45.946
"140",5.208e+09,7.186e+09,5.087e+09,9.904e+09,-2.203e+09,9.25e+09,2.666e+09,2.644e+09,0,0.0415,51.9047,14.3196
"141",905229000,1771640000,1530308000,1496264000,784502000,3209338000,159394000,333040000,73061000,0,14.8265,74.5181
"142",3.814e+09,2.704e+09,1.514e+09,5.472e+09,1.211e+09,4.146e+09,3.064e+09,3.224e+09,1.61e+08,0.25,47.4357,29.0735
"143",1.829e+09,2.567e+09,1.535e+09,3.843e+09,2.343e+09,5.416e+09,1.751e+09,1.782e+09,9.3e+07,0,25.4104,92.0519
"144",1.449e+09,1.692e+09,1.434e+09,1.585e+09,1.585e+09,3.873e+09,1.043e+09,1.043e+09,2.42e+08,0,3.4019,27.2864
"145",2.72e+09,2.658e+09,2.222e+09,3.416e+09,2.007e+09,8.364e+09,2.53e+09,2.53e+09,5.38e+08,0,9.7143,24.1839
"146",2015700000,2277700000,1.947e+09,2.954e+09,1460600000,6042300000,1429100000,1440300000,94400000,0.1118,31.2441,66.253
"147",2.602e+09,2.695e+09,2.664e+09,4.04e+09,-1.05e+09,6.237e+09,1.382e+09,1.382e+09,0,0.0362,35.1183,61.1243
"148",453300000,672200000,4.48e+08,769200000,350300000,1971700000,299800000,306300000,42500000,0,18.795,50.1807
"149",-3.07e+08,3.177e+09,-5.52e+08,1.633e+09,-1.332e+09,4.454e+09,-4.23e+08,-3.16e+08,0,0.0868,43.8046,34.4035
"150",2.099e+09,2.562e+09,2.055e+09,2.63e+09,1.933e+09,1.0839e+10,1.108e+09,1.117e+09,2.36e+08,0.1212,31.5304,39.6664
"151",1.541e+09,1.543e+09,1.499e+09,2.145e+09,1.015e+09,2.479e+09,1.08e+09,1.084e+09,0,0.1005,57.8189,53.3243
"152",2.805e+09,2.892e+09,2.826e+09,3.563e+09,2.275e+09,7.432e+09,2.203e+09,2.224e+09,2.16e+08,0.0104,40.7396,63.3844
"153",4486050000,7768608000,4469346000,7921458000,1692133000,9600224000,3419040000,3419040000,155337000,0.128,47.3242,40.4653
"154",954532000,1815426000,977383000,2182021000,-280748000,2466179000,365359000,365359000,180716000,0.14,54.4581,45.3488
"155",1071773000,1356295000,858560000,1861890000,986032000,1698800000,654445000,685192000,0,0.0714,43.7519,0
"156",-2712121000,2976256000,-2848473000,-905008000,-755508000,2665092000,-2244568000,-2007158000,25189000,130.025,84.876,99.4484
"157",1820777000,1783978000,1699930000,2640707000,-545469000,3244266000,1.033e+09,1040519000,0,0.0632,48.3888,50.5639
"158",610645000,826554000,450128000,1090529000,473787000,983657000,390153000,413599000,6266000,0.0629,48.6034,18.7433
"159",1.418e+09,1.686e+09,1.422e+09,1.662e+09,1.574e+09,2.873e+09,1.016e+09,1.052e+09,4.6e+07,0,1405.7518,1311.1034
"160",2.694e+09,2.658e+09,2.691e+09,3.597e+09,2.093e+09,7.098e+09,2.145e+09,2.146e+09,0,0.1,35.9781,65.1659
"161",533077000,2385247000,469365000,2573632000,-1885970000,3060685000,848661000,862555000,0,0.0229,49.5993,36.9462
"162",791300000,926800000,749600000,868700000,688100000,2783400000,722200000,722200000,7.1e+07,0,85.9458,52.6793
"163",3.684e+09,8.644e+09,3.898e+09,9.655e+09,1.05e+09,8.195e+09,2.01e+09,2.084e+09,0,0.055,38.5946,59.4691
"164",816738000,572804000,796563000,870757000,525545000,2620373000,618199000,619790000,56147000,0.0714,40.4657,70.9305
"165",6.83e+08,1.975e+09,7.14e+08,1.684e+09,1.097e+09,9.258e+09,4.06e+08,3.98e+08,2.03e+08,0.069,80.8835,69.9559
"166",602969000,677795000,588896000,812019000,186433000,879202000,415289000,447080000,11176000,0.0769,30.9486,0
"167",5.555e+09,1.5022e+10,3.203e+09,1.3863e+10,7.237e+09,1.4606e+10,3.677e+09,3.695e+09,1.91e+08,-0.0769,48.989,275.6588
"168",999600000,674200000,999200000,1137800000,507400000,2398900000,751900000,751900000,5100000,0.2031,14.2321,52.5104
"169",2.5361e+10,2.9274e+10,2.4913e+10,2.9676e+10,1.5359e+10,4.6483e+10,2.2111e+10,2.2112e+10,4.152e+09,0,8.8965,49.5945
"170",611100000,6.04e+08,595200000,760700000,453900000,1959400000,389600000,389800000,36100000,0.1111,30.5437,38.0432
"171",4.538e+09,3.863e+09,4.754e+09,6.292e+09,2.015e+09,5.183e+09,2.602e+09,2.894e+09,7.6e+07,0,51.4347,16.2436
"172",4.911e+09,4.674e+09,4.272e+09,8.006e+09,-9.89e+08,4.0992e+10,4.572e+09,4.572e+09,1.67e+08,0.25,16.6021,47.2966
"173",3.947e+09,1.41e+09,3.495e+09,5.331e+09,-1.265e+09,4.481e+09,9.81e+08,1.348e+09,0,0,31.2783,48.9757
"174",603760000,761068000,590899000,663251000,708603000,1799926000,453689000,453689000,157855000,0,9.7535,49.8765
"175",1.368e+09,1.993e+09,1.458e+09,2.788e+09,1.371e+09,2.854e+09,8.46e+08,8.81e+08,8.4e+07,0.1034,89.7442,83.1574
"176",1.758e+09,1.545e+09,1.753e+09,2.314e+09,1.185e+09,2.754e+09,1.187e+09,1.187e+09,7.3e+07,0,71.8341,65.7539
"177",2.765e+09,2.856e+09,2.765e+09,3.125e+09,2.779e+09,6.693e+09,2.118e+09,2.193e+09,1.27e+08,0.2333,0,0
"178",5.76e+08,8.13e+08,5.71e+08,7.49e+08,5.39e+08,2.456e+09,2.84e+08,2.84e+08,1.5e+07,0.1273,12.101,0
"179",323250000,374157000,332314000,389712000,343384000,900318000,282425000,282425000,34170000,0.0667,19.6296,66.5474
"180",490806000,162164000,521966000,707462000,32204000,669924000,224833000,292958000,43029000,0,26.6356,23.535
"181",229055000,190831000,255265000,341528000,113028000,1187836000,119671000,125050000,19912000,0.3333,39.8928,75.4666
"182",725400000,368400000,880500000,893600000,166300000,2086900000,502100000,511500000,2.3e+07,0.3561,61.4149,165.5076
"183",2.206e+09,1.317e+09,2.206e+09,4790731578.7234,3.676e+09,3.648e+09,2396006944.7983,2453998002.12766,2.04e+08,0,59.8663490364026,68.9664192719486
"184",2.172e+09,1.317e+09,2.252e+09,2.343e+09,1.102e+09,3.648e+09,2.187e+09,2.228e+09,0,0,63.236,65.8963
"185",352061000,516688000,349721000,596306000,148430000,627566000,233865000,249026000,0,0.0202,70.9405,56.7123
"186",-1016600000,-185400000,-917600000,-466200000,-553500000,2279900000,-1921600000,-1910800000,22400000,3,75.6088,71.8113
"187",3170900000,1344400000,1178400000,3431700000,1232100000,3321300000,2878900000,2913800000,50800000,0,39.9635,67.6014
"188",4.428e+09,3.148e+09,4.457e+09,5.191e+09,2.458e+09,6.715e+09,3.345e+09,3.345e+09,1.4e+08,0.1067,32.0597,104.2266
"189",-1.6713e+10,4.246e+09,-1.4557e+10,-8.489e+09,7.09e+08,2.6154e+10,-2.2802e+10,-2.2443e+10,0,-0.5595,42.7892,88.4986
"190",8.871e+09,8.4e+09,8.2e+09,1.03e+10,7.476e+09,1.7274e+10,5.455e+09,5.46e+09,8.45e+08,0.0962,13.0316,54.8811
"191",2.562e+09,2.841e+09,2419900000,3180800000,2219700000,5435600000,2.131e+09,2.163e+09,7.7e+07,0.0208,63.6809,39.0545
"192",1.694e+09,2.919e+09,1.359e+09,2.987e+09,6.09e+08,4.461e+09,1.066e+09,1.066e+09,0,0.1613,47.0717,62.7192
"193",9.143e+09,1.5256e+10,4.445e+09,2.2812e+10,6.495e+09,1.4095e+10,7.916e+09,8.005e+09,0,0,55.3449,145.162
"194",3.5027e+10,4.7971e+10,3.1392e+10,4.4062e+10,2.1341e+10,7.727e+10,3.0736e+10,3.0736e+10,9.353e+09,0.420080728051392,59.8663490364026,68.9664192719486
"195",3.4913e+10,4.7971e+10,2.6321e+10,4.3948e+10,2.293e+10,7.727e+10,3.0736e+10,3.0736e+10,9.353e+09,0,11.6794,55.5907
"196",1177537000,1145164000,1109715000,1419172000,927407000,5983787000,810474000,810474000,16484000,0.0667,77.8467,48.5815
"197",725160000,1106082000,737055000,1247973000,892792000,2271352000,452053000,484667000,57826000,-0.0698,127.5846,37.7755
"198",1.498e+09,1.38e+09,1.479e+09,2.057e+09,6.49e+08,6.066e+09,8.48e+08,8.48e+08,8.7e+07,0,27.188,0
"199",823247000,919520000,778343000,919441000,765365000,1979719000,694080000,694080000,56391000,-0.1765,22.3512,62.1337
"200",1.2481e+10,2.0421e+10,1.3155e+10,1.3809e+10,1.615e+10,3.6616e+10,9.86e+09,1.0459e+10,1.831e+09,0.0862,1796.6401,790.6373
"201",1.332e+09,9.16e+08,1.158e+09,2.11e+09,1.05e+08,3.514e+09,7.08e+08,7.08e+08,0,0.3182,68.8724,47.8805
"202",1.128e+09,1.057e+09,1.158e+09,1.385e+09,8.18e+08,4.348e+09,7.82e+08,8.23e+08,4.7e+07,0.0593,22.0542,45.0517
"203",2.367e+09,3.157e+09,2.467e+09,3.973e+09,1.349e+09,2.986e+09,1.656e+09,1.657e+09,0,-0.2,45.9083,79.617
"204",361228000,645997000,331052000,529186000,505571000,2728968000,220434000,220434000,27892000,0.1081,26.5818,94.6883
"205",1.628e+09,1.726e+09,1.628e+09,2.121e+09,1.616e+09,4.275e+09,1.323e+09,1.393e+09,7.8e+07,0.4286,0,0
"206",841556000,643402000,867951000,973352000,557109000,2656519000,553084000,553084000,21416000,0,55.251,46.7185
"207",6.488e+09,6.761e+09,6.642e+09,8.766e+09,3.188e+09,1.7528e+10,3.787e+09,4.389e+09,2.68e+08,0,20.1514,53.0879
"208",1.4681e+10,1.2031e+10,1.4681e+10,1.6743e+10,1.0181e+10,3.4356e+10,8.63e+09,8.63e+09,2.73e+08,0.2899,26.2037,7.061
"209",4.52e+08,1.939e+09,6.72e+08,2.335e+09,-1.58e+08,3.39e+09,-3.28e+08,-1.15e+08,7.2e+07,0,27.9423,56.5056
"210",2.373e+09,2.843e+09,2.057e+09,2.84e+09,2.721e+09,7.79e+09,1.801e+09,1.807e+09,0,0.1702,14.7695,160.8272
"211",1.029e+09,9.14e+08,9.37e+08,1.232e+09,5.12e+08,1.791e+09,8.36e+08,8.36e+08,3.6e+07,0.1984,25.0893,11.25
"212",1.444e+09,1.255e+09,1.432e+09,1.769e+09,1.096e+09,7.574e+09,7.64e+08,7.69e+08,1.27e+08,-0.9761,63.4836,47.1311
"213",717513000,1205921000,713523000,717513000,992405000,2065022000,531451000,531451000,0,0.0137,18.1873,480.6591
"214",-269900000,732900000,-237900000,210400000,627300000,1696700000,-111300000,-111300000,6.5e+07,0,21.8009,65.6975
"215",7.791e+09,6.434e+09,6.705e+09,8.907e+09,5.621e+09,1.2756e+10,6.765e+09,6.828e+09,1.75e+08,2.4456,48.9583,65.5572
"216",63495000,557852000,32964000,647297000,91268000,834658000,482672000,482672000,31687000,0.0036,19.4681,82.9419
"217",7.16e+08,2.964e+09,2.136e+09,3.292e+09,1.102e+09,9.57e+09,1.908e+09,1.908e+09,2.86e+08,0.4423,72.0725,213.1651
"218",4.064e+09,4.528e+09,4.064e+09,4.592e+09,4.154e+09,1.0669e+10,5.327e+09,5.327e+09,2.68e+08,0.047,92.486,31.9169
"219",744344000,850003000,752050000,927639000,751420000,1420202000,613149000,613149000,21954000,0.0909,29.1053,16.9537
"220",1207336000,1241729000,1139949000,1369194000,861871000,1995433000,1012140000,1012582000,20595000,0.1029,27.5272,22.959
"221",770159000,684706000,753052000,977719000,594069000,3595084000,535881000,562126000,36240000,0,21.7241,32.3135
"222",1.413e+09,1.3e+09,1.432e+09,2.357e+09,1.026e+09,1.814e+09,1.087e+09,1.151e+09,1.4e+07,0,19.3601,4.6913
"223",1555409000,1599993000,1623664000,1850553000,1321151000,3575325000,1177562000,1171051000,49286000,0.0816,23.5327,27.8348
"224",2.292e+09,2.173e+09,3.1e+09,2.826e+09,1.561e+09,1.103e+10,1.683e+09,1.683e+09,1.37e+08,0.0582,52.2565,6.5096
"225",1.207e+10,1.5247e+10,1.2065e+10,1.655e+10,1.1531e+10,3.6936e+10,8.728e+09,8.728e+09,5.1e+08,0.0525,30.0746,182.1125
"226",2.732e+09,2.533e+09,2.583e+09,3.318e+09,2.253e+09,4.979e+09,1.988e+09,2.02e+09,1.3e+08,-0.04,30.3004,55.4246
"227",492470000,400084000,491335000,575648000,284333000,1241542000,377031000,377047000,25157000,0,11.4673,41.0403
"228",577836000,437575000,583882000,751628000,272331000,1682707000,337302000,339781000,29401000,0.0677,43.2565,86.0543
"229",9.95e+08,1.142e+09,8.83e+08,1.174e+09,8.46e+08,2.3e+09,8.26e+08,7.82e+08,1.93e+08,0,20.15,56.2886
"230",116890000,336227000,155396000,171859000,262744000,1787760000,109493000,109493000,148153000,0,20.1377,59.6601
"231",652600000,1289500000,646900000,1193800000,1066800000,2513500000,542300000,539200000,241700000,0,5.8084,72.1861
"232",2.3191e+10,2.9432e+10,2.3316e+10,3.2276e+10,1.4251e+10,4.3737e+10,2.1053e+10,2.1053e+10,1.546e+09,0.1132,19.7008,34.6309
"233",1.586e+09,2.112e+09,1.56e+09,1.839e+09,1.988e+09,5.062e+09,1.329e+09,1.329e+09,3.82e+08,0.1471,10.7834,5.9369
"234",2.993e+09,3.226e+09,2.933e+09,4.321e+09,1.677e+09,7.751e+09,2.012e+09,2.017e+09,0,0.0327,37.7905,55.1431
"235",941100000,565100000,1008800000,1.144e+09,3.88e+08,1378200000,618900000,637700000,82200000,0.1667,251.6683,264.0336
"236",7.32e+08,1.254e+09,7.41e+08,1.873e+09,7.95e+08,3.666e+09,2.59e+08,2.84e+08,1.13e+08,0,80.4528,83.9234
"237",1839600000,1407800000,1917400000,2201100000,1064300000,4820600000,1337600000,1357500000,0,0.1529,39.726,62.4136
"238",808903000,935549000,810836000,1464092000,561646000,2424179000,363351000,364549000,31167000,0.0608,27.5333,73.15
"239",1282400000,1169600000,1199400000,1405200000,982200000,2604100000,1127900000,1.125e+09,261200000,0,9.8694,66.8706
"240",307895000,471158000,259715000,563496000,344285000,2506654000,122456000,122456000,66172000,0,65.1979,115.2367
"241",3.651e+09,2.811e+09,3.584e+09,4.112e+09,2.473e+09,6.164e+09,2.563e+09,2.563e+09,4e+07,0.2448,21.0577,64.8043
"242",1249300000,828800000,1204900000,1391400000,726300000,5314100000,882800000,883100000,172400000,0.0348,868.9158,62.2357
"243",681245000,1087841000,681021000,1117138000,202356000,3366714000,489585000,489585000,47369000,0.0435,30.0705,44.559
"244",2.76e+09,2.516e+09,1.77e+09,3.584e+09,1.919e+09,7.667e+09,2.162e+09,2.383e+09,1.06e+08,0.04,53.1434,87.6936
"245",621754000,481152000,647971000,820341000,389561000,2828370000,163431000,173142000,79242000,0.6667,18.9066,61.2351
"246",1.9004e+10,2.2201e+10,2.0219e+10,2.5933e+10,1.8531e+10,5.4595e+10,1.5297e+10,1.5297e+10,9.78e+08,0.0663,33.7211,63.0756
"247",532700000,861100000,572200000,743200000,713700000,2741200000,566900000,566900000,217100000,0.8,16.3985,59.2639
"248",3.8999e+10,1.4187e+10,4.5635e+10,4.679e+10,1.4187e+10,1.09029e+11,3.0709e+10,3.2474e+10,0,0.2157,658.5326,245.0541
"249",9.26e+08,1.4e+09,9.26e+08,1.592e+09,6.69e+08,5.588e+09,4.37e+08,4.37e+08,7.7e+07,0,33.2268,3.4194
"250",1.804e+09,1.536e+09,1.706e+09,2.32e+09,9.58e+08,4.726e+09,1.336e+09,1.344e+09,5.9e+07,0.0377,65.3912,37.0469
"251",2.21e+09,2.506e+09,2.203e+09,2.592e+09,2.409e+09,6.178e+09,1.8e+09,1.866e+09,9.9e+07,0.4868,0,0
"252",-9.975e+09,2.574e+09,-1.022e+10,-8.992e+09,1.748e+09,8.921e+09,-1.0192e+10,-1.0254e+10,3.3e+07,0.0204,57.7069,29.583
"253",682734000,637936000,352566000,993114000,855806000,836203000,439604000,498463000,18221000,0.0275,0,57.8253
"254",1570307000,1229120000,1570307000,1632991000,1162173000,2590660000,802265000,802265000,62784000,0.1776,15.3131,58.925
"255",2.144e+09,2.97e+09,2.229e+09,3.026e+09,2.144e+09,5.597e+09,1.41e+09,1.445e+09,4.1e+07,0.0309,62.9855,42.7275
"256",4.113e+09,5.043e+09,3.794e+09,6.41e+09,2.119e+09,6.856e+09,1.481e+09,1.919e+09,0,0.45,34.5026,38.6574
"257",1134353000,-80550000,1132990000,1314295000,-377269000,2328859000,664112000,664112000,61879000,0,11.2938,248.7817
"258",8.976e+09,7.32e+09,8.7e+09,1.0062e+10,6.218e+09,2.0086e+10,6.434e+09,6.476e+09,2.25e+08,0.0541,109.2273,42.222
"259",2.103e+09,3.413e+09,2.612e+09,4.539e+09,6.04e+08,2.7e+10,1.907e+09,1.889e+09,1.51e+08,0.0889,17.4314,4.8711
"260",1.416e+09,1.691e+09,1.416e+09,2.407e+09,1.019e+09,7.908e+09,8.59e+08,8.59e+08,5.5e+07,0.1,23.0987,0
"261",994900000,945700000,986300000,1341600000,335200000,1773100000,627200000,629400000,20400000,0.0435,58.7577,40.5077
"262",1.338e+09,4.222e+09,1.408e+09,2.25e+09,3.227e+09,6.236e+09,6.36e+08,7.06e+08,0,-0.004,1.0899,206.5548
"263",1.718e+09,1.406e+09,1.728e+09,2.289e+09,6.99e+08,4.959e+09,9.83e+08,9.83e+08,1.02e+08,-0.3182,20.7176,8.9574
"264",445100000,440300000,437700000,549400000,280700000,888700000,305900000,306100000,35500000,0.0563,39.7871,48.8661
"265",2241002000,1711609000,1837271000,2332183000,1619803000,2334185000,1695831000,1717513000,72655000,0,20.4892,4.2022
"266",1512300000,1305400000,1325700000,2064400000,925600000,3176400000,883700000,883900000,91600000,0,20.4377,59.9767
"267",817890000,710739000,882241000,1111967000,488371000,4574857000,480118000,483168000,22760000,0,28.9623,35.4679
"268",3795700000,5524500000,3795700000,5404700000,4317500000,18125700000,3.232e+09,3.232e+09,279500000,0.0822,17.9425,85.8673
"269",6.506e+09,3.138e+09,7.274e+09,7.667e+09,1.86e+09,7.274e+09,5.046e+09,5.046e+09,1.73e+08,0.0992,16.3076,16.5928
"270",2.182e+09,1.943e+09,2.182e+09,2.182e+09,1.943e+09,2.258e+09,1.641e+09,1.641e+09,0,0.1379,106.7843,407.0915
"271",8.17e+08,527700000,694400000,1323900000,-1040600000,1201300000,512100000,522300000,0,0.0635,56.1054,36.185
"272",6.122e+09,5.065e+09,6.586e+09,7.662e+09,3.987e+09,2.2434e+10,3.447e+09,3.447e+09,9.9e+07,0.188,35.0537,0
"273",3151789000,2655747000,3213299000,3478184000,2382278000,5165032000,2380681000,2380681000,172216000,0.5455,16.8375,71.7326
"274",3.295e+09,4.893e+09,3.206e+09,4.496e+09,2.971e+09,1.4908e+10,2.465e+09,2.465e+09,0,0.2737,23.5302,9.4387
"275",5.663e+09,5.471e+09,5.231e+09,6.904e+09,3.366e+09,6.475e+09,4.688e+09,4.69e+09,3.9e+07,0.1268,28.8882,32.7811
"276",1.848e+09,1.976e+09,1.057e+09,2.839e+09,1.627e+09,9.758e+09,1.566e+09,1.555e+09,5.8e+07,0.01,71.1442,5.3128
"277",7.39e+09,6.223e+09,7.282e+09,7.849e+09,5.719e+09,1.495e+10,5.859e+09,5.859e+09,1.96e+08,0.1364,13.1107,55.5679
"278",399104000,734292000,395468000,890099000,350090000,486999000,219211000,231022000,12444000,0.0606,0,0
"279",239378000,344311000,176557000,574060000,107080000,579347000,60020000,68972000,27367000,0.0348,22.5731,79.3102
"280",2.685e+09,2.357e+09,2.366e+09,2.969e+09,1.801e+09,3.674e+09,1.907e+09,1.907e+09,1.84e+08,0.2093,13.4866,37.5058
"281",1.148e+09,1.032e+09,1.211e+09,1.304e+09,8.27e+08,2.689e+09,7.34e+08,7.84e+08,6.9e+07,0.0741,37.1593,46.6348
"282",-235217000,-27317000,-234349000,36715000,-179731000,1798683000,-533299000,-533299000,48915000,-1,43.4918,78.4264
"283",8797300000,6966700000,8822600000,10279300000,4385400000,1.0786e+10,5924300000,5924300000,125100000,0.094,20.9693,42.3847
"284",936300000,1419600000,936300000,1552200000,1212800000,2420700000,255400000,255400000,93200000,0.0056,13.2125,51.6857
"285",2.97e+08,4.345e+09,6.16e+08,1.248e+09,3.765e+09,1.1184e+10,6.7e+07,2.97e+08,0,0.1607,56.3677,31.0261
"286",1877200000,1461100000,1868200000,2069100000,1370700000,4442700000,1309600000,1319400000,130300000,0.1579,57.1157,105.7446
"287",4.674e+09,3.948e+09,3.312e+09,5.485e+09,3.251e+09,1.0352e+10,3.381e+09,3.395e+09,1.28e+08,0.1707,81.5333,42.3005
"288",6.83e+09,4.684e+09,6.64e+09,9.474e+09,3.616e+09,2.0886e+10,3.104e+09,3.095e+09,3.44e+08,0.0698,19.8384,72.9561
"289",6.302e+09,1.1738e+10,6.307e+09,6.93e+09,1.1738e+10,2.0021e+10,4.982e+09,5.128e+09,0,0,133.201,105.5336
"290",1286397000,1722539000,1321796000,2464441000,261308000,4844221000,466772000,583894000,70177000,0.0909,19.0635,20.3926
"291",1084877000,1181344000,1095326000,1606642000,387234000,2838070000,861704000,864855000,31382000,0,55.7123,58.7209
"292",915900000,821200000,903300000,1066600000,664400000,2371600000,898600000,898600000,25600000,0.1064,47.9118,34.9621
"293",712772000,705148000,690737000,1056805000,329194000,966577000,469998000,470376000,29253000,0.0698,18.1292,45.0009
"294",2.514e+09,2.428e+09,2.761e+09,3.008e+09,2.117e+09,1.495e+10,1.65e+09,1.67e+09,1.93e+08,0.1049,54.5425,105.3983
"295",6.986e+09,6.439e+09,7.207e+09,8.474e+09,5.124e+09,1.6083e+10,5.349e+09,5.363e+09,3.02e+08,0.1574,25.2431,55.9225
"296",1293272000,1161881000,1283619000,1350251000,1091251000,2295375000,993004000,993004000,57111000,0,23.849,46.4556
"297",1.0002e+10,8.391e+09,9.115e+09,1.0229e+10,8.153e+09,1.2254e+10,6.963e+09,6.967e+09,0,0.1811,5.7418,2.0434
"298",713200000,1409800000,909500000,1597100000,455300000,1498400000,4.7e+08,469900000,27500000,-0.8333,29.7298,31.9227
"299",4.745e+09,6.158e+09,5.571e+09,7.235e+09,2.634e+09,1.1036e+10,2.78e+09,3.606e+09,0,0.2105,39.5365,22.001
"300",8.728e+09,1.0922e+10,8.299e+09,1.3247e+10,8.307e+09,2.8785e+10,6.22e+09,6.193e+09,3.48e+08,0.0529,28.6346,61.0232
"301",1.653e+09,3.234e+09,1.667e+09,4.094e+09,4.81e+08,5.165e+09,1.096e+09,1.096e+09,5.3e+07,0,81.7396,59.8352
"302",1.1098e+10,7.305e+09,1.1237e+10,1.2942e+10,5.44e+09,4.0107e+10,8.222e+09,8.883e+09,9.2e+08,0.2222,1634.1046,485.0467
"303",3.6474e+10,4.3884e+10,3.5058e+10,4.6735e+10,3.2252e+10,7.2007e+10,1.6571e+10,1.6571e+10,3.94e+09,0.0784,28.4995,87.5821
"304",1.321e+09,1.075e+09,1.255e+09,1.681e+09,8.78e+08,3.48e+09,9.66e+08,9.69e+08,7.3e+07,0.1036,29.4267,64.2714
"305",2426188000,2089852000,2800313000,2605193000,1992176000,5796302000,1836028000,1918080000,0,0.1833,0,0
"306",686369000,565005000,686369000,771060000,430469000,1684378000,512611000,512611000,17579000,0,24.4496,66.5856
"307",1.4645e+10,1.74e+10,1.4994e+10,1.9404e+10,8.521e+09,1.7891e+10,1.4135e+10,1.4138e+10,1.98e+08,0,52.5323,65.7915
"308",840700000,2341700000,905600000,2950600000,2089600000,4001600000,352500000,352500000,-3300000,0,51.6189,91.9691
"309",5.28e+08,1.14e+09,5.28e+08,5.28e+08,1.14e+09,1.572e+09,3.95e+08,3.95e+08,2.5e+07,0,0,0
"310",3.42e+08,2.336e+09,-4.92e+08,2.276e+09,-9.43e+08,3.789e+09,-6.6e+07,1.4e+07,6.2e+07,0.075,88.3584,45.0943
"311",1239714000,2075171000,1219061000,1806686000,508375000,2678050000,954843000,954843000,115983000,0,9.6184,3.3304
"312",1.214e+09,1.028e+09,1.028e+09,1.424e+09,9.17e+08,2.526e+09,4.58e+08,4.58e+08,6.9e+07,0.1644,26.1994,32.7706
"313",9.712e+09,6.593e+09,4.28e+09,1.3623e+10,5.83e+08,9.665e+09,6.638e+09,5.776e+09,0,0.1292,52.0649,64.7866
"314",9.34e+08,1.827e+09,7.9e+08,2.149e+09,7.95e+08,3.16e+09,3.41e+08,3.8e+08,7.6e+07,1.24,15.2482,12.7823
"315",1646951000,-2680479000,1605226000,9303408000,-2893011000,5826803000,1211242000,1211242000,320657000,0,121.3021,0
"316",122700000,540100000,124700000,722300000,-1278100000,3353200000,-65600000,-50600000,28600000,0.1143,69.1748,81.8493
"317",4.379e+09,4.955e+09,4.445e+09,5.126e+09,3.93e+09,1.5956e+10,1.933e+09,1.933e+09,2.18e+08,0.1176,22.8545,35.079
"318",-5e+08,1.058e+09,-4.75e+08,1.75e+08,5.42e+08,3.71e+09,-7.12e+08,-7e+08,3.5e+07,0.0451,62.6915,62.6355
"319",4.304e+09,3.827e+09,3.78e+09,5.104e+09,2.578e+09,6.791e+09,3.229e+09,3.229e+09,8.6e+07,0.2051,26.4639,78.5184
"320",1.25e+08,5.21e+08,2.11e+08,8.15e+08,2.77e+08,1.444e+09,-3.1e+07,-2.2e+07,1.1e+08,0,31.1759,90.721
"321",7.58e+08,1.377e+09,9.82e+08,1.217e+09,9.89e+08,2.37e+09,2.68e+08,2.68e+08,2.5e+07,-0.6923,33.2343,39.4345
"322",4.026e+09,3.726e+09,3.959e+09,5.13e+09,1.979e+09,7.986e+09,2.666e+09,2.666e+09,0,0.2459,47.9425,32.1422
"323",1.199e+09,1.478e+09,1.158e+09,1.397e+09,1.543e+09,3.709e+09,1.16e+08,1.16e+08,1.61e+08,0.0526,37.5545,64.5641
"324",1957800000,1767500000,1957800000,2418700000,1261500000,5974700000,1.51e+09,1556400000,0,0.2125,0,0
"325",3244609000,2393952000,3324686000,3964246000,1443010000,4295408000,2360767000,2481084000,73422000,0.0192,20.7956,36.4831
"326",3.257e+09,3.502e+09,3.21e+09,3.456e+09,2.911e+09,5.822e+09,3.047e+09,3.047e+09,3.91e+08,0.1753,22.3945,47.5319
"327",-7949700000,6.8e+08,-7828500000,-7515800000,295600000,3008800000,-6917900000,-6917900000,75700000,0.0455,47.7961,86.9269
"328",-1.152e+09,7.57e+08,2.48e+08,-6.8e+08,5.31e+08,4.121e+09,-1.514e+09,-1.444e+09,0,0,24.4709,65.2017
"329",634974000,940742000,635958000,1174754000,-853943000,1261512000,363614000,364598000,27267000,0.039,55.4038,39.8556
"330",1984226000,2186719000,1820536000,2412783000,45244000,3066566000,1151703000,1155032000,31664000,0.193,32.3558,23.7366
"331",2085500000,1722300000,1955100000,2349500000,1526600000,15290200000,1326400000,1440500000,70500000,0.0667,273.67,183.0013
"332",1.4449e+10,1.5386e+10,1.3264e+10,1.7234e+10,1.365e+10,3.1323e+10,3.587e+09,3.587e+09,1.607e+09,0.1875,4.9027,47.6002
"333",1816216000,1727555000,1815184000,2075153000,1228071000,5039966000,1324487000,1324487000,20176000,0,129.2294,10.341
"334",5.997e+09,7.669e+09,5.666e+09,9.974e+09,2.749e+09,7.95e+09,4.131e+09,4.131e+09,0,0.0131,94.1705,109.6889
"335",1308700000,1276400000,1291500000,1446700000,1122400000,2359500000,994100000,994100000,44600000,0.1196,7.9641,53.2096
"336",576300000,589300000,576300000,612600000,501400000,1572400000,4.54e+08,468100000,23700000,0.0131,0,0
"337",2997100000,2992300000,2875400000,4051200000,1.04e+09,4570700000,2195100000,2195100000,0,0.411,55.1624,188.8281
"338",-9.214e+09,4.752e+09,-9.7e+09,-6.178e+09,-1.762e+09,5.107e+09,-6.851e+09,-6.837e+09,0,-1,43.0142,101.47
"339",226006000,178895000,219889000,309822000,135632000,1199366000,200974000,200974000,36532000,0.0612,40.7606,64.2461
"340",2.331e+09,2.913e+09,2.298e+09,3.489e+09,-9.99e+08,3.456e+09,1.438e+09,1.438e+09,0,0.0465,54.622,63.0544
"341",1.067e+10,9.415e+09,1.011e+10,1.3069e+10,6.267e+09,3.528e+10,1.2515e+10,1.2559e+10,2.56e+08,0.1326,102.2391,40.3153
"342",1.1859e+10,1.5827e+10,1.1885e+10,1.8243e+10,1.3631e+10,4.2399e+10,1.1153e+10,1.1188e+10,9.49e+08,0.0625,31.8007,54.6
"343",1777200000,5156500000,1784400000,1982300000,5064200000,5921100000,1546500000,1553700000,77400000,0.123,0,36.2277
"344",1.3721e+10,1.4867e+10,1.3363e+10,1.6555e+10,1.115e+10,3.24e+10,9.75e+09,9.861e+09,3.95e+08,0.033,56.4933,25.5924
"345",3324400000,6284800000,3330100000,3586800000,6028200000,1.0258e+10,2593900000,2.621e+09,77200000,0.652,57.5994,108.4636
"346",1915636000,1596700000,1929141000,2381721000,1430914000,3564647000,1060801000,1061315000,118831000,0.062,36.5017,63.1348
"347",1347540000,1449744000,1347540000,1396969000,1390705000,2373412000,1022023000,1022023000,28290000,0.0556,12.6115,0
"348",1067700000,1180100000,1067700000,1478600000,628700000,1645300000,7.38e+08,7.38e+08,23500000,0.1905,19.8875,46.9298
"349",324336000,311038000,323884000,504924000,217785000,1340939000,237927000,237927000,28767000,-0.2,29.0304,83.1262
"350",1941832000,1803559000,847002000,2889046000,-1376657000,2046761000,1643426000,1822960000,76093000,0.0909,98.9813,0
"351",1.1021e+10,9.478e+09,1.1377e+10,1.201e+10,8.042e+09,1.8867e+10,7.911e+09,8.286e+09,0,0.064,9.4562,16.2968
"352",6.383e+09,7.84e+09,6.836e+09,7.512e+09,7.84e+09,1.7132e+10,5.061e+09,5.346e+09,0,0.3077,0,0
"353",438100000,439100000,436700000,522700000,391100000,1047700000,347400000,347400000,20900000,14.9659,46.6052,60.0968
"354",863234000,1254801000,773687000,1512529000,113456000,1365538000,511047000,530540000,0,0.0609,35.5988,39.6507
"355",1.812e+09,1.467e+09,1.674e+09,2.309e+09,1.083e+09,6.373e+09,1.341e+09,1.358e+09,3.7e+07,0.0941,86.015,67.5442
"356",3.248e+09,2.821e+09,2.852e+09,4.42e+09,-4.17e+08,2.852e+09,1.827e+09,1.827e+09,2.6e+07,0.038,46.3693,54.3398
"357",418600000,5.93e+08,236500000,842200000,490400000,1831500000,1.31e+08,1.31e+08,37700000,0.1875,36.6335,82.7782
"358",4.896e+09,2.1664e+10,4.834e+09,5.057e+09,2.1664e+10,1.9056e+10,4.074e+09,4.088e+09,0,0.2,0,0
"359",1743573000,2061503000,1412192000,2227219000,1582634000,2014558000,1488900000,1717223000,69936000,0,0,0
"360",7.671e+09,7.573e+09,7.941e+09,9.027e+09,4.934e+09,1.0982e+10,5.595e+09,5.873e+09,0,0.1355,21.0467,19.7269
"361",640400000,644200000,646200000,965300000,289500000,4894400000,537800000,536100000,44900000,0.0133,36.4312,28.5128
"362",491950000,358789000,529021000,738463000,82526000,1479964000,293346000,296007000,52484000,0,42.9489,76.9355
"363",1.38e+09,3.242e+09,1.377e+09,2.914e+09,-5.41e+08,4.346e+09,9.78e+08,9.75e+08,8.5e+07,3,62.9591,31.5571
"364",2.376e+09,5.483e+09,2.194e+09,3.152e+09,4.663e+09,7.114e+09,2.057e+09,2.057e+09,8.53e+08,0,515.9986,481.32
"365",1.16e+09,3.908e+09,6.21e+08,2.721e+09,3.124e+09,1.2367e+10,-4.964e+09,-4.964e+09,8.83e+08,0.0818,29.4602,46.8781
"366",76693000,852520000,69676000,790908000,582685000,1146966000,-40288000,-40288000,68158000,0,26.1693,47.9646
"367",2144714000,3479139000,1894801000,3178411000,-180889000,4231642000,1811042000,1815792000,46061000,0.2037,18.7698,12.476
"368",-195440000,610069000,-195440000,-195440000,610069000,206773000,103552000,103552000,32369000,0.0495,10.8076,213.4512
"369",397583000,610327000,380169000,757271000,634581000,815085000,249127000,252325000,12550000,0.0571,73.1993,56.1217
"370",2581700000,2195100000,2534400000,2729900000,1.812e+09,6276700000,2444400000,2444400000,427400000,0,11.8679,122.0075
"371",2.082e+09,2.275e+09,1.955e+09,2.544e+09,2.124e+09,5.525e+09,1.695e+09,1.759e+09,0,0.4603,0,0
"372",591602000,572322000,587220000,657551000,529838000,2410014000,434288000,434288000,44953000,0.1667,10.5739,49.993
"373",1310655000,1903327000,1304877000,1409390000,1769741000,7181930000,856695000,850917000,99486000,0.25,315.6103,210.34
"374",507400000,975100000,498200000,802600000,813500000,3751700000,162800000,162800000,74500000,0,9.7769,24.8793
"375",549667000,505026000,541831000,669627000,442445000,1362164000,315588000,315588000,48412000,0.0606,14.462,75.4396
"376",1403800000,1.3e+09,1.297e+09,1568400000,1.175e+09,2884900000,535500000,535500000,38500000,0.1546,39.0626,65.1645
"377",1380500000,1430100000,1396400000,1.43e+09,1371500000,3279500000,944400000,944400000,133800000,0.1779,11.6225,61.1849
"378",2048396000,1681338000,2048396000,2361559000,1325896000,4092094000,1362753000,1362753000,87417000,0.1852,27.3683,2.269
"379",-1566761000,990690000,-1566761000,-908680000,-32306000,1483102000,-1746481000,-1746481000,29757000,0,25.2786,54.5639
"380",1.704e+09,2242800000,1739200000,2818100000,1202600000,3890900000,1036900000,1037600000,3.9e+07,-0.1403,27.6815,40.0846
"381",3.357e+09,3.428e+09,4.538e+09,3.925e+09,2.609e+09,7.485e+09,2.909e+09,2.882e+09,1.65e+08,0.7832,26.4935,22.2308
"382",430541000,850618000,544166000,1102654000,700806000,1396900000,47451000,47451000,42327000,0,6.7119,26.3759
"383",5950600000,11937800000,3582100000,7256500000,9961400000,16788800000,4518300000,4.518e+09,250300000,0.26,17.4132,10.2341
"384",4.562e+09,1.2456e+10,4.562e+09,4.868e+09,1.1886e+10,1.0132e+10,3.329e+09,3.507e+09,1.97e+08,0.4375,1244.8978,799.8875
"385",678500000,4.28e+08,656300000,809700000,259400000,1502100000,193100000,193100000,50800000,0,58.9991,42.7801
"386",1726384000,1943700000,1877548000,2322665000,1692743000,7418562000,1108746000,1108746000,82588000,0.0118,37.457,42.0229
"387",579900000,1940500000,579900000,783300000,1703100000,2.19e+09,486400000,519300000,16100000,0.1923,13.8342,45.5126
"388",1035100000,1.218e+09,1.044e+09,1448200000,909500000,2836100000,1338600000,1338600000,15400000,0.0582,25.4063,19.1304
"389",3.16e+09,5.713e+09,2.835e+09,6.716e+09,3.453e+09,4.337e+09,2.138e+09,2.177e+09,3.45e+08,0,113.71,87.6601
"390",455931000,441537000,374735000,747846000,126591000,778729000,232312000,270856000,0,0.0478,67.6506,120.6188
"391",944700000,764500000,9.54e+08,1038800000,674300000,2.144e+09,6.84e+08,696200000,27200000,0.1559,18.0258,117.3919
"392",363543000,424232000,360225000,572750000,323968000,2385160000,432518000,432518000,140032000,0,67.6338,64.8143
"393",4.533e+09,6.945e+09,3.9e+09,8.082e+09,-1.006e+09,8.338e+09,2.226e+09,2.3e+09,1.25e+08,0.0348,53.379,61.2709
"394",3292879000,3750796000,2923718000,4642655000,2968887000,4649955000,2436721000,2822343000,0,0.1049,84.9525,49.2747
"395",2.652e+09,2.064e+09,2.79e+09,2.858e+09,1.951e+09,4.557e+09,1.958e+09,2.121e+09,9.4e+07,0.2195,12.3066,84.5134
"396",-167900000,165700000,-161100000,8.8e+07,34900000,1.376e+09,-253300000,-245600000,24100000,0,23.643,62.7826
"397",2.071e+09,3.447e+09,1.795e+09,3.62e+09,-3.37e+08,4.414e+09,9.24e+08,1.126e+09,8.3e+07,0.0888,56.9971,69.2085
"398",3.323e+09,2.569e+09,3.332e+09,4.039e+09,2.224e+09,9.005e+09,2.668e+09,2.784e+09,1.4e+08,0.3636,0,0
"399",2.81e+09,1.0457e+10,3.014e+09,3.787e+09,9.848e+09,1.1982e+10,2.41e+09,2.599e+09,0,0.1125,0,97.5709
"400",1.654e+09,2.113e+09,1.634e+09,2.252e+09,1.747e+09,3.364e+09,1.182e+09,1.182e+09,1.12e+08,0,56.3948,38.6409
"401",2658100000,1931400000,2279800000,2951900000,873800000,3812500000,2303400000,2315300000,60900000,0.3,28.5151,37.3749
"402",1299400000,1260900000,1519100000,1805900000,768800000,4851100000,605200000,605800000,76500000,0.0661,58.296,41.9704
"403",1332100000,1260600000,1319300000,1631300000,838300000,1950700000,918400000,918400000,107800000,0.1552,21.6943,61.8839
"404",3.644e+09,9.342e+09,3.644e+09,3.946e+09,9.342e+09,7.739e+09,2.79e+09,2.79e+09,0,0.2857,0,0
"405",2.356e+09,2.61e+09,2.537e+09,2.662e+09,2.038e+09,8.938e+09,3.553e+09,3.553e+09,1.19e+08,0.106,17.3362,62.5822
"406",2351707000,2155380000,2314056000,3117205000,1489820000,11085391000,1430766000,1430766000,93841000,0.4227,25.7089,25.3189
"407",3.2247e+10,4.3602e+10,2.6096e+10,6.0677e+10,2.2844e+10,9.1337e+10,1.937e+10,1.9953e+10,0,0.0204,92.3081,56.5853
"408",1647900000,2331300000,1631800000,2505400000,1712100000,4184800000,1116500000,1134600000,42600000,0,91.7245,29.5197
"409",1644091000,1022173000,1655380000,1773935000,948832000,2177510000,900914000,957062000,58481000,-1,16.6263,67.4533
"410",2.328e+09,2.451e+09,2.331e+09,2.995e+09,1.539e+09,4.745e+09,2.565e+09,2.565e+09,9.5e+07,0.0909,40.3932,61.6074
"411",4.289e+09,6.935e+09,4.224e+09,6.765e+09,4.433e+09,2.1589e+10,2.914e+09,2.914e+09,1.12e+08,0.0517,43.5556,0
"412",802500000,932200000,809400000,1009400000,692900000,2610700000,370100000,370100000,2.8e+07,0.1143,38.2874,20.2379
"413",3888176000,3025624000,3888176000,4614133000,1968007000,10362497000,2607948000,2607948000,101362000,0.2101,25.3245,3.3296
"414",3.262e+09,4.543e+09,3.783e+09,5.529e+09,3.835e+09,1.0857e+10,2.938e+09,2.938e+09,1.81e+08,0.1333,24.2005,61.9772
"415",670800000,996700000,670800000,931100000,729300000,3848500000,397500000,397500000,81300000,7e-04,16.4064,19.4977
"416",1.85e+08,4.05e+08,1.83e+08,3.01e+08,3.44e+08,1.529e+09,1.13e+08,1.13e+08,1.18e+08,0,40.4551,47.9133
"417",2453400000,1619900000,2361400000,2612900000,1451400000,5372600000,1837500000,1768700000,197100000,0.2281,15.5237,37.3383
"418",3.313e+09,4.38e+09,3.313e+09,3.313e+09,4.38e+09,1.1991e+10,2.523e+09,2.523e+09,0,0.0707,61.1588,249.0346
"419",701737000,694394000,701737000,879088000,418080000,2702528000,532357000,532357000,28921000,0.1429,28.6047,0
"420",3.092e+09,2.963e+09,3.032e+09,4.035e+09,1.763e+09,5.096e+09,3.024e+09,3.027e+09,6.9e+07,0.3636,15.4377,15.702
"421",6.811e+09,7.189e+09,6.713e+09,7.765e+09,6.058e+09,1.0277e+10,5.58e+09,5.58e+09,2.32e+08,0.2406,11.0536,27.9115
"422",1.55e+09,1.125e+09,1.106e+09,1.979e+09,7.56e+08,2.378e+09,1.222e+09,1.222e+09,0,0,28.7099,46.6046
"423",3413106089.17197,628230000,1.58e+08,4790731578.7234,2844743855.62633,2.334e+09,-8e+06,2453998002.12766,209458382.165605,0.420080728051392,39.431,45.8974
"424",-33286000,628230000,-25017000,148482000,469130000,2340471000,-46302000,-46302000,41783000,0,39.4214,45.8638
"425",3.387e+09,6.181e+09,3.292e+09,5.627e+09,2.004e+09,2.4836e+10,2.129e+09,2.129e+09,0,0,20.8821,12.6017
"426",337962000,560676000,354718000,773641000,293229000,743869000,199238000,221542000,14244000,0.0433,60.6703,0
"427",1171303000,1340893000,1175262000,1624379000,675931000,10772278000,779705000,797883000,66581000,0,42.4799,51.1607
"428",786859000,779366000,785291000,1039572000,338652000,2096809000,555234000,555234000,24399000,0,20.2059,6.1853
"429",1.6948e+10,1.5713e+10,1.7344e+10,1.9376e+10,1.365e+10,5.3846e+10,1.1986e+10,1.2382e+10,6.38e+08,0.2,59.0396,29.4424
"430",795100000,1536500000,795100000,896500000,1392400000,3578100000,523400000,523400000,0,0.1395,0,197.5629
"431",8.611e+09,8.686e+09,8.517e+09,1.0802e+10,5.249e+09,1.6786e+10,5.966e+09,5.966e+09,0,0.2339,50.5168,28.056
"432",6.624e+09,1.2711e+10,7.024e+09,8.831e+09,6.465e+09,6.6702e+10,4.791e+09,4.791e+09,6.34e+08,0.0964,26.3512,45.4999
"433",1.957e+09,2.853e+09,1.951e+09,3.628e+09,1.249e+09,3.364e+09,1.096e+09,1.096e+09,1.02e+08,0,24.3122,70.0789
"434",8.65e+09,1.0564e+10,8.678e+09,9.117e+09,1.0564e+10,2.1142e+10,6.784e+09,7.124e+09,0,0.1552,0,0
"435",8.933e+09,6.322e+09,6.988e+09,1.1366e+10,4.42e+09,1.6516e+10,5.269e+09,5.269e+09,2.51e+08,0.0423,60.8141,78.3284
"436",1.3418e+10,1.2941e+10,1.2954e+10,1.4031e+10,1.2237e+10,1.7439e+10,1.0301e+10,1.0301e+10,3.27e+08,0.25,41.6379,49.4129
"437",458500000,454900000,441600000,531200000,407200000,1273600000,149900000,150300000,45900000,0,23.7948,126.2764
"438",1412184000,-2.43e+08,1.24e+09,1656267000,1260502000,6.156e+09,1.011e+09,1074106000,67762000,0.1504,17.468,42.2168
"439",2.548e+09,1.822e+09,2.548e+09,2.761e+09,1.644e+09,6.064e+09,1.719e+09,1.759e+09,5.7e+07,0,12.2108,88.578
"440",4.471e+09,4.371e+09,4.572e+09,6.54e+09,2.299e+09,5.594e+09,3.122e+09,3.353e+09,0,0.1429,26.8028,22.9074
"441",759231000,832777000,747713000,1105477000,385899000,1100945000,515805000,515805000,25215000,0.12,18.0276,45.0353
"442",835536000,802641000,828992000,1308321000,-282717000,1200242000,384832000,422603000,0,-0.9349,72.7018,170.1169
"443",849400000,934400000,834100000,1145500000,703400000,1508900000,598700000,598700000,38500000,0,38.2205,54.3134
"444",844361000,697767000,767392000,892728000,660760000,1022835000,582489000,582489000,52504000,0,64.6526,0
"445",644153000,1270286000,635150000,716573000,1174762000,2638058000,2096896000,2087103000,325047000,0,13.2925,49.0669
"446",812011000,1381467000,885576000,1731650000,1006618000,2054512000,409467000,415981000,29963000,0.0154,105.8252,0
"447",2.3945e+10,3.4339e+10,2.2278e+10,4.1348e+10,1.7681e+10,7.5355e+10,1.5528e+10,1.6039e+10,0,0.022,62.7593,70.0139
"448",730787000,604446000,691980000,839195000,508367000,1427365000,593794000,593794000,37541000,0,10.2818,85.7196
"449",6.638e+09,8.263e+09,6.289e+09,8.408e+09,6.896e+09,3.0792e+10,5.024e+09,5.031e+09,1.3e+08,0.0754,37.6441,18.2393
"450",2.761e+09,4.205e+09,3.617e+09,4.817e+09,3.396e+09,7.705e+09,6.75e+08,6.75e+08,3.77e+08,0,44.6196,38.8388
"451",1675400000,2445500000,1468400000,2521200000,329800000,2314200000,1059300000,1060500000,0,0.0625,41.6545,60.8801
"452",2.8055e+10,3.6073e+10,2.8538e+10,3.3648e+10,3.6073e+10,8.4664e+10,2.0689e+10,2.2876e+10,2.255e+09,0.0649,0,0
"453",1.47e+08,1.229e+09,2.79e+08,7.92e+08,6.39e+08,3.537e+09,-1.83e+08,-1.59e+08,0,0.0581,77.8512,38.3443
"454",1.039e+09,1.288e+09,8.09e+08,1.786e+09,9.66e+08,8.513e+09,6.95e+08,7.15e+08,5e+07,0.1321,0,102.0011
"455",2.752e+09,3.57e+09,2.789e+09,4.229e+09,1.876e+09,5.665e+09,1.925e+09,1.923e+09,8.9e+07,0.0941,25.3792,55.6776
"456",1.143e+09,3.293e+09,7.68e+08,2.868e+09,4.41e+08,4.335e+09,-1.56e+08,1.93e+08,5.5e+07,0.1333,27.8183,41.6855
"457",1.6792e+10,2.8337e+10,2.0437e+10,2.7321e+10,1.8664e+10,1.26947e+11,9.862e+09,1.0523e+10,0,0.02,33.6241,4.0954
"458",1325400000,1931200000,1187200000,2577600000,962500000,3.362e+09,1906100000,1909300000,66800000,0.075,38.4789,45.0661
"459",1.141e+09,821300000,1122100000,1405700000,632600000,2289100000,851900000,851900000,0,0.0857,285.9131,249.0272
"460",1.182e+09,1.112e+09,1.394e+09,1.668e+09,6.85e+08,1.81e+09,7.48e+08,7.48e+08,4.2e+07,0.056,10.8387,16.4533
"461",456935000,961489000,735544000,1007531000,-640897000,2631385000,572430000,803084000,35040000,0.375,17.4846,15.0313
"462",1090731000,1550994000,961009000,1681204000,461604000,1087396000,791851000,791851000,22895000,0.45,42.4043,75.541
"463",2.142e+09,3.122e+09,1.965e+09,3.801e+09,-8.35e+08,4.453e+09,1.261e+09,1.261e+09,4.5e+07,0.0556,39.1354,51.0943
"464",691379000,820027000,686022000,788133000,770109000,1723604000,463981000,463981000,153815000,0.0606,14.6471,56.5539
"465",3.1138e+10,3.6014e+10,3.1719e+10,4.9883e+10,1.644e+10,1.01377e+11,2.084e+10,2.1421e+10,0,0.0556,46.872,31.0665
"466",-921200000,499800000,-958100000,-590400000,326500000,2067800000,-1.011e+09,-1010900000,2.1e+07,0,25.9949,64.2685
"467",6.18e+08,1.14e+09,5.98e+08,1.144e+09,1.05e+09,3.927e+09,3.61e+08,3.74e+08,5.7e+07,0.227,40.5102,176.2991
"468",6.67e+08,5.86e+08,6.54e+08,9.28e+08,3.49e+08,2.026e+09,5.49e+08,5.49e+08,3e+07,0.1667,41.0774,72.271
"469",2.291e+09,1.176e+09,2.296e+09,2.428e+09,9.42e+08,2.658e+09,1.542e+09,1.542e+09,5e+07,0.2,58.459,35.9995
"470",18300000,1747400000,33800000,1058800000,1308400000,5.661e+09,-379200000,-379300000,65500000,0,16.6836,58.7007
"471",1.143e+09,1.176e+09,1.143e+09,1.336e+09,1.047e+09,2.821e+09,8.5e+08,8.84e+08,2.6e+07,1.3636,0,0
"472",1.9e+09,1.79e+09,1.896e+09,2.208e+09,1.452e+09,3.914e+09,1.428e+09,1.424e+09,5.3e+07,0.2,19.6129,64.9167
