"","EBIT","Operating.Cash.Flow","Operating.Income","EBITDA","Free.Cash.Flow","Gross.Profit","Net.Income.Com","Consolidated.Income","Stock.based.compensation","Dividends.per.Share.Growth","Days.Payables.Outstanding","daysOfInventoryOutstanding","Feature.1","Feature.2","Feature.3","Feature.4","Enterprise.Value"
"1",1.021e+09,1.087e+09,9.28e+08,1.231e+09,9.11e+08,2.687e+09,3.16e+08,3.16e+08,7e+07,0.1288,25.2544,57.6394,1.322312593,-0.3226217926,-0.1135368496,-1.16636014,20205078950
"2",2.94e+09,3.533e+09,2.656e+09,5.099e+09,9.95e+08,2.4141e+10,1.412e+09,1.412e+09,8.6e+07,0,14.5292,13.9802,0.2149867415,-1.934115767,1.691741467,0.6841001511,43904270777
"3",611852000,811028000,604275000,850036000,619201000,4219413000,423847000,423847000,27760000,0,120.877,23.8102,1.69224894,-2.307023287,0.8871960044,0.2911383212,11627037994
"4",7.2903e+10,7.7434e+10,7.0898e+10,8.3806e+10,6.4121e+10,1.01839e+11,5.9531e+10,5.9531e+10,5.34e+09,0.1333,76.8054,67.3325,1.926322699,-0.2283466011,-0.07699194551,-1.013046503,1.14583e+12
"5",6.341e+09,1.3427e+10,6.383e+09,8.106e+09,1.2789e+10,2.5035e+10,5.687e+09,5.687e+09,4.21e+08,0.4023,132.9593,59.9994,1.20543313,-0.4972319901,0.6669899821,-0.2909937799,1.70923e+11
"6",1394635000,1411388000,1443685000,1713118000,1074977000,4612317000,1658405000,1615892000,62316000,0.0411,58.3273,24.5903,0.1419883072,-0.09284677356,0.419545114,-0.9359362721,22245701997
"7",3.733e+09,6.3e+09,3.65e+09,7.011e+09,4.906e+09,1.7872e+10,2.368e+09,2.368e+09,4.77e+08,0.0566,35.5116,61.8559,-0.3744578362,-0.6757110953,1.216313958,-0.1115066633,1.42516e+11
"8",5672945000,6026691000,5898779000,6599721000,5407504000,12493364000,4059907000,4214594000,976908000,0.0992,12.0098,66.7481,3.329297066,-0.9671343565,-0.7940058708,-1.376684546,1.09029e+11
"9",2883118000,4029304000,2840369000,3229610000,3762725000,7835009000,2590774000,2590774000,609562000,0,7.5287,53.1767,-0.9257280827,0.3737454116,0.9253681302,-0.7590430379,1.23364e+11
"10",1892106000,2442361000,1881735000,2691169000,2187485000,4233302000,1495432000,1495432000,151165000,0.0678,15.3582,37.655,-0.9385458231,-0.3678407669,1.351242185,-0.201289922,37620934663
"11",2.419e+09,-4.784e+09,1.845e+09,3.36e+09,-5.626e+09,4.181e+09,1.81e+09,1.815e+09,1.09e+08,0.0469,46.3646,12.6676,1.606159329,-2.736975908,0.9503974915,0.3808734417,24848600044
"12",2385300000,2515200000,2557400000,2762900000,2044800000,5516800000,1884900000,1884900000,175400000,0.125,3.7081,55.0388,-1.512396097,0.7521420121,1.434407115,-0.4409009516,59241240615
"13",1894300000,2754900000,1894300000,2381600000,2555100000,3570300000,963100000,963100000,80800000,0.0962,22.7774,110.3545,1.087991357,-0.8818132281,0.6695897579,-0.2796958983,918386181.8
"14",-509100000,9e+05,-509100000,-400700000,-49800000,1753200000,-566900000,-566900000,261400000,0,16.8071,77.7706,-0.4596833289,-1.964258552,1.893704295,0.7326030135,25730049960
"15",1.453e+09,2.17e+09,1.357e+09,2.391e+09,-1.68e+08,2.312e+09,8.15e+08,8.21e+08,2e+07,0.0394,47.4018,48.5622,0.7016282082,-0.2818151116,0.2469286919,-0.9594659209,24955414512
"16",3023500000,5223200000,2682700000,5310100000,-1087700000,5039900000,1923800000,1931300000,0,0.0586,42.2408,43.4172,-0.1528614908,-0.2772367001,0.6951594353,-0.7047929764,61508453730
"17",2.967e+09,2.343e+09,2.115e+09,3.97e+09,2.22e+08,2.573e+09,1.203e+09,1.565e+09,0,0.0833,45.183,54.2264,1.084805131,-0.697286427,0.9075000882,-0.05171756074,27022821546
"18",4.205e+09,6.014e+09,4.205e+09,4.205e+09,6.014e+09,9.758e+09,2.92e+09,2.92e+09,0,0.1954,17.6478,14.2759,1.43462801,-0.01712188125,0.07681401819,-0.9590414762,35972886958
"19",-5955900000,5640100000,-6247600000,792700000,5.417e+09,1.3596e+10,-5142800000,-5086200000,239800000,0.0286,110.6786,66.3096,-1.179868817,3.490352392,0.8524589539,-1.405496716,66972040344
"20",1.457e+09,6.1e+07,1.573e+09,6.819e+09,6.1e+07,1.6223e+10,-6e+06,6.1e+07,0,0,0,84.809,0.006787783466,-0.5090165138,1.349722624,0.1051426902,56856996203
"21",853834000,396388000,215756000,1231620000,514732000,643588000,656597000,716603000,8550000,0.0552,0,0,-0.9165484905,-0.844217658,1.51232481,0.05091589689,10626162479
"22",432200000,656700000,433800000,559100000,5.74e+08,5.715e+09,236800000,252600000,57100000,0.0605,259.277,489.6579,-1.307196379,0.4581913948,1.331939101,-0.4175699949,5928903946
"23",575400000,765100000,7.69e+08,994400000,640700000,4214300000,633500000,675900000,55300000,0.0513,302.1594,255.6948,-0.5528431535,-0.3276839852,1.303692222,-0.1334155351,14908752400
"24",386291000,1008327000,362499000,820811000,602586000,1760989000,298373000,298373000,183813000,0,13.3239,64.528,0.04270458966,0.5731273293,-0.07893763483,-1.640612602,9616383868
"25",890793000,546165000,701112000,1091491000,-153826000,1217256000,693562000,739139000,15228000,0.0469,56.51,71.1378,2.221940517,-1.534243822,-0.544334352,-1.282515883,9335177557
"26",457958000,554681000,466564000,512685000,331369000,1447867000,400235000,400235000,70763000,0,11.9265,81.4843,0.9116675258,-2.324282408,1.414755821,0.6302238107,16015769913
"27",6.76e+08,1.195e+09,6.43e+08,1.074e+09,2.35e+08,4.415e+09,4.37e+08,4.37e+08,4.7e+07,0.0667,5.8301,16.1653,-1.153128505,-0.1548604667,1.11863327,-0.5511098504,8369798611
"28",3.076e+09,5.175e+09,8.939e+09,3.587e+09,4.898e+09,1.4349e+10,2.104e+09,2.252e+09,0,0.2432,0,56.4162,1.662513375,-0.7091793418,-0.3780032992,-1.327523232,31386264770
"29",528700000,457800000,525800000,614900000,408900000,1173300000,434900000,435400000,19600000,0.3125,31.3999,43.412,-0.3900731206,2.491349459,0.1432994455,-1.802623034,8731094869
"30",340400000,4.26e+08,386100000,745700000,2.13e+08,3756900000,77600000,77600000,2.03e+08,0,61.6874,81.4871,-0.6689810157,-0.4557274878,0.9554166198,-0.5318328142,23363388092
"31",4.928e+09,3.787e+09,4.796e+09,5.385e+09,3.165e+09,7.817e+09,3.313e+09,3.313e+09,2.58e+08,0.5,57.5648,49.1448,4.161217213,-0.9514482021,-0.8662320971,-1.310514569,31869665014
"32",4.49e+08,3.4e+07,4.51e+08,6.19e+08,-1.29e+08,2.447e+09,3.37e+08,3.37e+08,1.37e+08,0,58.6819,69.6178,0.8549079895,-0.6017428637,0.8857728243,-0.1308104694,18543057207
"33",1069925000,925518000,1075540000,1269415000,846012000,1659562000,777933000,777933000,27315000,0.5556,30.0964,55.1988,-2.586739302,0.5590302348,1.721455455,-0.4389855862,17992989304
"34",505500000,1140600000,7.67e+08,527500000,1121900000,2378400000,243600000,532300000,101100000,0.5,114.5766,61.4779,2.444628477,-0.3059120178,-0.524006784,-1.382672668,6277245914
"35",1.0937e+10,1.1296e+10,1.0263e+10,1.2883e+10,1.0558e+10,1.9646e+10,8.394e+09,8.394e+09,3.11e+08,0.1478,18.552,55.0259,0.3697056174,-0.9592758417,0.4469305873,-0.7468941212,1.28672e+11
"36",3.403e+09,2.597e+09,3.403e+09,3.601e+09,2.435e+09,1.0533e+10,2.098e+09,2.098e+09,1.44e+08,0.0895,52.9513,175.8882,-1.33850944,3.380372763,1.021275043,-1.298984885,13348623815
"37",1951700000,3748300000,1.905e+09,4062500000,2835100000,5262300000,1.227e+09,1264700000,137500000,0.2023,24.9315,22.5178,1.751856089,-0.7373570204,-0.4646844268,-1.410367489,89535774732
"38",1.2687e+10,3.0723e+10,1.2421e+10,2.8028e+10,1.94e+10,9.3731e+10,1.0073e+10,1.0073e+10,5.418e+09,0,59.8577,26.1376,0.3740850389,-2.200248003,1.473700285,0.5210971832,7.26311e+11
"39",487085000,486437000,476574000,546340000,464675000,1137751000,419375000,419375000,83346000,0,2.2439,150.6156,0.6320668459,-1.740436792,1.143773675,0.2365680635,11166704973
"40",5.821e+09,3.827e+09,5.832e+09,6.953e+09,2.619e+09,2.021e+10,3.75e+09,3.75e+09,2.26e+08,0.1111,52.3653,36.8586,0.93739748,-0.39548558,0.6506345868,-0.4069021344,64998173410
"41",1.558e+09,1.686e+09,1.544e+09,2.327e+09,1.446e+09,1.077e+10,1.134e+09,1.174e+09,3.38e+08,0.3901,65.8491,93.5376,0.8591332436,1.352063298,0.3597195148,-1.038332462,40425100411
"42",566200000,448900000,5.45e+08,638100000,363700000,1305500000,444200000,444200000,10100000,0.3571,62.2626,74.1129,0.5095832348,0.286456883,-0.0465871878,-1.40731144,6833305437
"43",1.19e+09,3.777e+09,1.36e+09,3.595e+09,1.1e+07,2.438e+09,4e+07,2.86e+08,0,0,35.2184,59.31,2.666809559,-0.5556017756,-0.4155711532,-1.167219043,17493020603
"44",2152600000,2554700000,1965600000,3123300000,986300000,2740700000,1497800000,1532900000,38800000,0.4365,74.2981,64.5991,1.546167731,-0.008342020214,-0.1655355543,-1.252779722,37987938997
"45",1678200000,1112700000,1686900000,1977900000,807100000,2654900000,1.205e+09,1216900000,55600000,0.2571,39.6284,79.7375,0.2979237735,-0.5383532047,0.8093177676,-0.4165627658,26692524721
"46",1.458e+09,1.628e+09,1.473e+09,2.134e+09,7.82e+08,2.729e+09,1.067e+09,1.107e+09,5.8e+07,-0.952,59.017,62.8857,-0.05763128772,-0.1768005341,0.6758162379,-0.7062535882,19997988957
"47",536807000,570339000,371962000,1014468000,-356829000,946339000,363983000,402793000,35019000,0.0812,269.9315,2.6941,-0.6238895655,-0.5073097944,1.15108192,-0.301897347,17597490499
"48",1.246e+09,2.17e+08,1.325e+09,1.822e+09,-5.51e+08,2.617e+09,6.42e+08,6.42e+08,5e+07,0,55.4506,39.016,-0.9566572905,-1.055786967,1.447567582,-0.004627488554,12200466358
"49",1.948e+09,1.79e+09,1.988e+09,2.457e+09,1.659e+09,4.983e+09,1.813e+09,1.813e+09,2.09e+08,0.1333,12.3127,50.37,2.482999325,-0.7018250823,-0.2221205682,-0.9393137693,33981271937
"50",1195339000,1301111000,821890000,1826535000,-264395000,1513975000,974525000,974175000,20280000,0.0352,0,0,0.6049746275,-0.2643284798,0.1084886193,-1.143962741,30880036786
"51",4.803e+09,8.88e+09,5.135e+09,8.884e+09,8.484e+09,1.0733e+10,1.2259e+10,1.261e+10,1.227e+09,0.7157,14.1987,58.213,1.118478179,-0.2380068004,0.2220426947,-0.8829268813,1.04196e+11
"52",611300000,457900000,7.88e+08,792300000,210700000,1915500000,467400000,467400000,34300000,-0.0905,52.5398,60.6566,-1.85407865,0.09798064828,1.826925397,-0.02769181505,9523381578
"53",1.416e+09,1.386e+09,1.379e+09,1.961e+09,-2.87e+08,1.961e+09,5.67e+08,5.65e+08,0,0.0988,18.5683,51.673,2.88381958,0.6190600991,-0.7993429303,-1.759228706,24845952531
"54",8.122e+09,8.93e+09,8.122e+09,9.415e+09,7.62e+09,3.6986e+10,6.921e+09,6.921e+09,2.83e+08,0.0992,120.9397,574.6189,-1.273243427,0.3340659738,1.60150218,-0.1241264418,1.15442e+11
"55",459400000,351500000,460800000,539700000,307900000,1485400000,349600000,349600000,32300000,0,44.741,63.2683,-0.8623735309,-0.397683233,1.372729182,-0.1458292902,6368967555
"56",1810856000,2080292000,1810856000,2155940000,1558045000,5973746000,1337536000,1337536000,43674000,0,143.4284,8.3967,0.9255580306,-1.119005919,0.9492434263,0.009518110193,25089444634
"57",1.2079e+10,1.5322e+10,1.1912e+10,1.4193e+10,1.372e+10,1.9637e+10,1.046e+10,1.046e+10,2.02e+08,0.2042,46.618,60.5717,-0.7873858809,0.1855687201,0.9605734348,-0.6495876312,1.88426e+11
"58",3.4584e+10,3.952e+10,3.7866e+10,3.6647e+10,3.952e+10,9.1247e+10,2.6696e+10,2.8147e+10,1.729e+09,0.3846,0,263.2647,0.2293945402,-0.630379498,0.8030152917,-0.403806895,-33341189271
"59",1.732e+09,2.096e+09,1.599e+09,2.517e+09,1.415e+09,4.781e+09,1.624e+09,1.624e+09,1.15e+08,0.1967,92.8984,59.4392,1.022938848,-0.6627437472,0.3465251923,-0.6792545319,36670520488
"60",4.04e+09,4.349e+09,4.06e+09,4.595e+09,4.349e+09,1.0992e+10,3.063e+09,3.257e+09,1.41e+08,0.2381,180.408,0,4.642396927,0.7916874886,-0.5561760664,-1.215001464,58283247483
"61",1.893e+09,2.141e+09,1.843e+09,2.576e+09,1.453e+09,9.876e+09,1e+09,1e+09,1.29e+08,-0.1338,42.197,9.0837,-1.380149245,-0.5590786338,1.521769524,-0.1135332659,18106048326
"62",1.879e+09,2.865e+09,1.497e+09,3.857e+09,1.97e+09,7.262e+09,1.59e+08,3.11e+08,4e+08,0.0274,105.3917,52.9585,0.01465546153,-0.02197850309,0.8031156063,-0.5617792606,90980457694
"63",2285600000,2229700000,2118600000,2442700000,2123200000,6319100000,764400000,742700000,117800000,3.9,13.1061,48.9759,-1.360857487,-0.6172862649,1.3073107,-0.3520354331,9887906134
"64",9.84e+08,3.062e+09,9.89e+08,1.002e+09,3.062e+09,4.614e+09,8.65e+08,8.7e+08,0,0,205.8901,557.6581,-2.738532305,0.8623117208,1.707523584,-0.5715435743,3432965551
"65",5856300000,6187700000,5888600000,6872900000,5414100000,11636600000,4430700000,4.474e+09,157500000,0,10.0523,67.4331,1.039694786,-1.333937049,0.7001594901,-0.2031293362,63028642487
"66",5.204e+09,5.996e+09,5.181e+09,6.543e+09,4.911e+09,1.6392e+10,4.097e+09,4.254e+09,0,0.2093,439.3494,0,0.08142146468,-0.6168875694,0.394452095,-0.9176131487,-72628243310
"67",5.565e+09,3.075e+09,5.457e+09,5.785e+09,2.871e+09,1.1525e+10,4.305e+09,4.302e+09,5.64e+08,0.2093,33.2145,68.3057,3.033363819,1.130478978,0.1566740572,-0.6452487111,60527540579
"68",9.41e+08,1.566e+09,9.35e+08,1.643e+09,7.5e+08,2.306e+09,4.54e+08,4.53e+08,0,0.0959,97.0928,56.5303,1.436358333,0.977627635,0.3962677717,-0.7880704403,21604011698
"69",5.941e+09,5.94e+09,5.968e+09,6.578e+09,4.989e+09,1.6014e+10,4.92e+09,4.947e+09,2.21e+08,0.0256,30.6095,96.5039,1.863824129,-0.157234773,-0.1575145572,-1.140286922,83306692273
"70",1.663e+09,3.1e+08,1.506e+09,2.557e+09,8e+06,7.01e+09,1.671e+09,1.671e+09,1.4e+08,0,12.968,59.7496,1.623255014,-0.6711801291,0.1764878631,-0.7223693728,55813519601
"71",1200700000,1126500000,1189900000,1.632e+09,579900000,2229400000,930700000,984600000,52900000,0.1525,74.32,68.9124,1.415440917,-0.5590118766,0.3695001602,-0.5667194724,8610394154
"72",961015000,1150245000,925497000,1606664000,42034000,1704062000,582847000,712563000,40117000,0.1475,37.1633,22.3842,-1.845268011,3.415465593,1.224173665,-1.250861406,27750844275
"73",2.3402e+10,3.6952e+10,2.3445e+10,2.7156e+10,3.339e+10,6.5286e+10,1.8045e+10,1.808e+10,0,0.6042,323.502,177.6052,2.782934904,-0.4980864227,-0.3091830015,-0.9761818647,-26790357515
"74",1.119e+09,1.198e+09,1.148e+09,1.497e+09,1.15e+09,3.635e+09,4.76e+08,4.76e+08,1.2e+08,0.420080728051392,59.8663490364026,68.9664192719486,0.2625180185,-1.702405095,1.345121264,0.3335800171,52925693519.2237
"75",1141700000,954200000,1033500000,1398700000,710600000,2351500000,808400000,811800000,37900000,-0.0544,41.6253,26.1808,1.981976509,-0.2536195219,-0.0285382811,-0.9227935672,18389692667
"76",9.8e+07,2.768e+09,1.03e+08,1.13e+09,2.384e+09,7.181e+09,2.56e+08,2.59e+08,8.5e+07,0.0293,52.4973,20.81,-1.099414468,-0.7777886391,1.712587237,0.1795684248,22520170158
"77",8.249e+09,6.558e+09,8.293e+09,1.1015e+10,4.578e+09,1.7003e+10,6.147e+09,6.148e+09,0,0.0581,47.0307,212.7688,-0.8658227324,0.6429457664,0.7859306931,-0.9337725639,1.03681e+11
"78",5.298e+09,5.48e+09,5.298e+09,5.637e+09,5.48e+09,1.406e+10,3.962e+09,3.962e+09,0,0.0284,210.1285,140.7811,-1.605692506,0.2107294649,1.504481077,-0.3175646663,69492837955
"79",610700000,534700000,599400000,814700000,498400000,1216900000,422100000,425200000,35100000,0.1154,36.8586,37.8736,-1.652157545,0.670894444,-0.2089866251,-2.328542709,11881313344
"80",2.7e+09,1.426e+09,2.699e+09,2.923e+09,1.261e+09,5.403e+09,1.96e+09,1.96e+09,1.46e+08,0,5.0548,101.6236,4.397516251,1.108609676,0.04080044851,-0.5059677362,26181188024
"81",1.332e+09,2.502e+09,1.432e+09,2.86e+09,7.61e+08,3.576e+09,5.58e+08,6.71e+08,1.03e+08,0.0962,21.0668,125.6602,1.064278245,-0.749337852,0.9362137914,-0.00952841714,61339203514
"82",3.4e+09,5.549e+09,3.325e+09,5.417e+09,2.189e+09,7.792e+09,3.152e+09,3.152e+09,6.5e+07,0.2188,14.1121,6.9207,-0.3841905296,-0.2470330298,1.406348586,0.02852082998,53061781457
"83",399529000,604751000,396209000,518250000,543248000,1879275000,345777000,345777000,167715000,0,43.7937,51.7369,-1.269181371,0.5232101083,1.006512165,-0.7923105359,12179527160
"84",5.573e+09,5.171e+09,5.191e+09,6.208e+09,4.841e+09,1.4694e+10,4.046e+09,4.046e+09,9.54e+08,0,9.9843,49.3482,-1.704765797,4.251582146,1.139734626,-1.455477118,59043050426
"85",800851000,1454009000,774785000,1443442000,733388000,4428977000,630059000,630059000,95423000,0,19.9652,80.4974,-2.379868507,3.240231514,1.375938654,-1.201068997,16946670613
"86",6.5e+08,1.497e+09,7.3e+08,1.538e+09,1.101e+09,9.17e+08,2.9e+08,4.28e+08,2.2e+07,0,44.9142,19.3667,-1.996813416,0.7219289541,1.297640204,-0.7239540815,14057736468
"87",2.154e+09,1.767e+09,2.183e+09,2.643e+09,1.298e+09,5.802e+09,1.692e+09,1.721e+09,4.1e+07,0.5313,0,0,-1.072816014,2.830385208,0.837926805,-1.301480651,26783025365
"88",798900000,763600000,791700000,9.4e+08,703200000,1840800000,568600000,568600000,23300000,0.1447,63.8369,30.3998,-1.671401143,-0.6603364944,1.726073027,0.03001771308,17982663273
"89",1.35e+09,2e+09,8.82e+08,2.495e+09,2.111e+09,3.012e+09,7.75e+08,8.77e+08,3.2e+07,0,27.2207,44.4878,-0.2565850616,-1.493697643,1.27218473,0.05964889377,9636791206
"90",912083000,792896000,912083000,1008812000,729025000,2705235000,664505000,664505000,77403000,0.0387,21.3108,47.4585,4.731361866,1.034373283,-0.418795526,-1.037296772,12622565407
"91",4.95e+09,1.1767e+10,5.336e+09,1.5268e+10,2.172e+09,4.3634e+10,1.23e+09,1.506e+09,2.9e+08,0,73.6541,14.4966,0.9357200265,-0.3973374665,0.4562212527,-0.6113462448,1.37297e+11
"92",4.07e+09,3.77e+09,4.16e+09,4.765e+09,3.242e+09,1.6329e+10,2.637e+09,2.646e+09,0,0,113.0487,119.8911,-0.1483391523,-0.8846720457,1.171769619,-0.09798585624,82830027609
"93",3.04e+08,1.181e+09,3.04e+08,3.67e+08,1.161e+09,1.917e+09,2.87e+08,2.87e+08,2.8e+07,-0.152,0,160.3246,-0.4305259585,-0.1183003113,1.472086668,0.06785329431,12681153121
"94",3.449e+09,3.056e+09,3.694e+09,3.96e+09,2.62e+09,9.231e+09,2.4e+09,2.558e+09,1.09e+08,0.044,28.6947,32.8744,-0.1911484897,1.294895411,-0.3003028631,-2.08295846,57262881579
"95",1.139e+09,9.76e+08,1.139e+09,1.305e+09,7.82e+08,2.675e+09,8.23e+08,8.23e+08,5.3e+07,0.0875,59.6612,35.7609,-1.405281305,1.202476978,0.8353384137,-1.116571188,19643905356
"96",1.535e+09,1.616e+09,1.535e+09,1.655e+09,1.526e+09,3.329e+09,1.227e+09,1.235e+09,4.8e+07,0.6881,0,0,-0.7353018522,-0.5409604907,1.492653012,0.05429302901,9882057189
"97",1.8653e+10,2.4297e+10,1.9009e+10,2.9329e+10,1.1985e+10,9.4507e+10,1.1731e+10,1.1862e+10,8.26e+08,0.9387,32.8051,42.8853,0.292835176,-1.120443225,0.8943969011,-0.2394245267,2.6284e+11
"98",2.934e+09,2440800000,2607600000,3182700000,2324100000,4309400000,1962200000,1963700000,96500000,-0.259,9.825,46.8637,-2.021436214,1.363851428,1.120173573,-1.034657598,67070386658
"99",268436000,621552000,258368000,470415000,334162000,910992000,176553000,176553000,69164000,0,8.4833,4.675,-2.227539778,1.330442667,1.456058741,-0.7380717397,11291281267
"100",2.821e+09,2.378e+09,2.438e+09,3.432e+09,1.614e+09,5.737e+09,2.141e+09,2.187e+09,5.3e+07,0.0546,43.3314,59.3618,0.4409382641,-0.258995533,0.6100824475,-0.5919594765,22408412533
"101",1.533e+09,1.703e+09,1.465e+09,2.466e+09,-3.71e+08,2.398e+09,6.57e+08,6.59e+08,0,0.0728,38.927,152.5215,0.6837109327,-0.4604384601,0.785933435,-0.3284326196,25670404804
"102",1.717e+09,1.234e+09,1.458e+09,2.212e+09,5.59e+08,8.421e+09,9e+08,8.94e+08,1.45e+08,0,24.596,31.2687,-0.4603711367,-0.4984818399,0.8758024573,-0.5597113371,24299473815
"103",8.75e+08,2.136e+09,8.31e+08,2.118e+09,4.85e+08,2.074e+09,3.33e+08,3.68e+08,0,0.0364,42.7425,54.0485,0.07703353465,0.1079449207,0.5832073092,-0.8063269854,19142632855
"104",7.308e+09,1.2978e+10,7.318e+09,9.704e+09,1.2104e+10,2.222e+10,5.71e+09,6.015e+09,1.7e+08,0,0,0,0.3903139234,-2.065607071,1.410033464,0.4556502998,81522694911
"105",771338000,1104903000,770664000,1188817000,210433000,1414931000,557043000,557043000,31443000,0.4706,40.3573,60.4516,-0.3671575189,-0.290767312,0.6435895562,-0.8103078008,10803022139
"106",1.374e+09,-3.1e+08,1.466e+09,1.964e+09,-5.67e+08,2.283e+09,1.032e+09,1.032e+09,9.3e+07,0.420080728051392,59.8663490364026,68.9664192719486,0.5429611206,-0.6586291194,0.4594653845,-0.7092245817,52925693519.2237
"107",414600000,668900000,403100000,689700000,475300000,1632300000,139900000,139900000,43200000,0,41.4891,53.9977,0.3452233672,-0.6373606324,0.3082061112,-0.9356078506,14638371257
"108",1.066e+10,1.2934e+10,1.1044e+10,1.6616e+10,6.184e+09,1.8172e+10,6.257e+09,6.305e+09,0,0.0943,36.7102,38.3313,-0.1209638566,-0.1096329913,1.604366183,0.2887050807,79122931717
"109",4.556e+09,5.774e+09,4.48e+09,5.993e+09,2.805e+09,1.8424e+10,3.134e+09,3.179e+09,5.44e+08,-0.7596,28.9703,4.3029,-1.527710557,3.91067338,1.175296426,-1.276981831,1.02235e+11
"110",71500000,413700000,153300000,808500000,-32700000,5790200000,-168800000,-127800000,30600000,-0.2308,74.9031,59.6552,-0.3983227313,-0.4770413935,0.7338292599,-0.6888626814,17572052448
"111",5.5e+08,1.305e+09,1.01e+09,9.44e+08,8.98e+08,2.374e+09,2.61e+08,2.61e+08,6.1e+07,0,38.9002,31.065,-0.6742939353,0.1363578737,1.081307411,-0.4705403745,21775432051
"112",5.07e+08,2.738e+09,4.54e+08,1.26e+09,2.204e+09,7.767e+09,3.6e+08,3.6e+08,9.97e+08,0,2.6319,135.7842,2.464410305,-0.1358571351,-0.2499845624,-1.06840682,79476193000
"113",1.3982e+10,1.3666e+10,1.2309e+10,1.6174e+10,1.2891e+10,3.0606e+10,1.1e+08,1.1e+08,1.576e+09,0.1273,14.088,113.8359,-0.467617631,-0.3598886728,1.033575296,-0.392970711,1.77342e+11
"114",4.943e+09,4.641e+09,4.773e+09,6.274e+09,3.215e+09,4.773e+09,3.309e+09,3.309e+09,0,0.1282,28.2763,30.0939,-1.957386136,4.133430958,1.584946752,-1.037552714,66109837029
"115",1009830000,964160000,949834000,1289246000,692461000,2908523000,842586000,842586000,112835000,0.218,12.1208,45.3434,3.165313005,1.665432811,-0.4505986273,-1.479891062,21846469390
"116",6.14e+08,7.032e+09,5.7e+08,5.734e+09,4.015e+09,1.2581e+10,-1.733e+09,-1.733e+09,1.86e+08,0,30.0962,37.3361,2.587433815,0.03525099531,-0.179253459,-0.9812488556,51914987941
"117",2.826e+09,2.592e+09,2.801e+09,3.324e+09,2.215e+09,6.287e+09,2.101e+09,2.101e+09,2.67e+08,0.7778,4.8667,73.7243,-2.052432775,-0.3236720562,2.161625147,0.3288280368,32990698011
"118",709617000,1035345000,677960000,851513000,965991000,2540100000,575667000,575667000,203619000,-0.9804,9.2727,84.4928,2.149790287,-0.5573881269,-0.393740207,-1.25937295,14502581696
"119",4.027e+09,8.865e+09,4.021e+09,6.745e+09,6.828e+09,3.1538e+10,-5.94e+08,-5.96e+08,2.8e+08,0,16.7419,33.073,-1.869273186,4.135510921,1.090615273,-1.541772366,1.336e+11
"120",2.1287e+10,3.0618e+10,2.1323e+10,4.0706e+10,1.9218e+10,4.635e+10,1.4824e+10,1.486e+10,0,0.037,30.6173,37.2858,-0.7150233388,-1.705746293,1.711875439,0.4071315825,2.31987e+11
"121",3.038e+09,2.558e+09,2.098e+09,4.516e+09,-1.64e+08,3.201e+09,2.286e+09,2.286e+09,8.2e+07,0,26.643,73.0703,0.3688995242,-0.1070655212,0.9402250648,-0.2753258646,24452717544
"122",4.52e+09,4.773e+09,3.601e+09,6.8e+09,3.68e+08,5.624e+09,2.447e+09,2.549e+09,0,0.1005,24.9596,56.8008,-1.381373405,-0.5342960358,1.889626861,0.2859618366,81496258192
"123",5.462e+09,7.014e+09,5.264e+09,7.791e+09,1.846e+09,2.6493e+10,3.935e+09,3.935e+09,0,0.2894,24.4439,19.0065,-1.264717102,-0.06674198061,1.428627253,-0.2568509877,49174373180
"124",5298900000,1820300000,5274300000,7.226e+09,352900000,11786500000,2368400000,2370600000,83800000,0.075,100.049,330.3961,-1.421093345,3.308568239,0.9995761514,-1.325836062,80341495163
"125",3.544e+09,5.191e+09,3.597e+09,3.979e+09,4.937e+09,7.674e+09,2.689e+09,2.742e+09,0,0.1538,0,0,2.342697144,1.313905954,0.9295321107,-0.001870844164,31898196414
"126",2004316000,1802108000,2007818000,2408547000,1157080000,7221359000,1538960000,1538960000,34323000,0.04,31.2542,0,1.801417947,-0.6139363647,-0.001469207811,-0.8781768084,29742801086
"127",1.085e+09,1.2e+09,1.101e+09,1.394e+09,8.17e+08,2.605e+09,7.36e+08,7.88e+08,6.1e+07,0.0833,49.4841,49.0479,-0.6540718675,-0.8286889791,1.455975652,0.08815848827,15088724183
"128",2.058e+09,545200000,2011900000,2120400000,406900000,3669900000,1460300000,1462300000,55800000,0.25,14.1907,0,-0.9052670598,-0.3136318326,1.141231775,-0.4246679246,17617332408
"129",3450200000,4.022e+09,3403800000,4757900000,3372600000,11107100000,2650900000,2650900000,151400000,0.1429,31.4267,64.0277,0.09180240333,0.325933516,0.4010055959,-1.031522989,81229586733
"130",1.4835e+10,1.4295e+10,1.4804e+10,1.7846e+10,9.83e+09,2.6708e+10,1.2598e+10,1.3066e+10,3.93e+08,0.0769,58.2131,57.3226,2.671110392,-0.6723473072,-0.0488004759,-0.7444854379,1.89601e+11
"131",1.664e+09,2.576e+09,1.85e+09,3.062e+09,2.429e+09,6.618e+09,5.94e+08,6.81e+08,8e+07,0,11.2409,90.6188,1.981606603,-0.0519781895,-0.2117201984,-1.181753278,28758395616
"132",1.684e+09,2.576e+09,2.6e+09,6.437e+09,2.429e+09,6.618e+09,6.14e+08,6.14e+08,8e+07,0.420080728051392,59.8663490364026,68.9664192719486,0.91072613,-0.7314203978,0.7410056591,-0.2667757273,52925693519.2237
"133",2123781000,2517841000,2147621000,2835805000,2123903000,4354553000,1575091000,1655491000,36261000,0,6.2637,17.1457,2.433564425,0.1082437858,0.3040247262,-0.4713027775,24761776958
"134",654859000,1385324000,549787000,1425134000,60162000,1959897000,249930000,341115000,27159000,0.086,139.5204,35.8977,1.177564502,-0.5182642341,0.4938262701,-0.4842580259,32954128551
"135",2005800000,1510200000,1999100000,2.617e+09,878300000,7021900000,1714300000,1714300000,65700000,0,19.2759,0,-0.2049940377,-1.79582727,1.859779239,0.7316105962,29532237344
"136",835472000,798635000,843112000,1118052000,633549000,2559556000,570267000,570267000,23698000,0.044,50.6111,64.3051,-0.4445432425,0.7224998474,1.827507138,0.3449314535,13150060220
"137",477563000,484407000,438912000,733813000,-227428000,595617000,383729000,387268000,0,-0.4969,35.5377,63.4613,2.674355507,1.362160921,-0.1069020554,-1.112553716,52925693519.2237
"138",7.59e+08,1001300000,766800000,1072100000,608600000,1745400000,5.96e+08,5.96e+08,42800000,0.125,12.5128,3.781,-1.071259379,-0.3369245231,1.096247792,-0.5088299513,11682980217
"139",1.777e+09,2.68e+09,1.594e+09,2.901e+09,-3.3e+07,3.15e+09,1.12e+09,1.118e+09,0,0.07,34.1321,45.946,-1.835417867,0.8139718771,1.373332858,-0.6201377511,34130330147
"140",5.208e+09,7.186e+09,5.087e+09,9.904e+09,-2.203e+09,9.25e+09,2.666e+09,2.644e+09,0,0.0415,51.9047,14.3196,-2.208774567,-0.2211715281,2.258897543,0.3917379975,1.19018e+11
"141",905229000,1771640000,1530308000,1496264000,784502000,3209338000,159394000,333040000,73061000,0,14.8265,74.5181,-0.09591767937,-0.9131557345,1.027431011,-0.2250968069,18226221000
"142",3.814e+09,2.704e+09,1.514e+09,5.472e+09,1.211e+09,4.146e+09,3.064e+09,3.224e+09,1.61e+08,0.25,47.4357,29.0735,-0.6702706814,-0.9893198609,1.42073977,0.0348120667,12593228000
"143",1.829e+09,2.567e+09,1.535e+09,3.843e+09,2.343e+09,5.416e+09,1.751e+09,1.782e+09,9.3e+07,0,25.4104,92.0519,-0.7249815464,0.1760475785,0.9140244126,-0.6885764003,30001983498
"144",1.449e+09,1.692e+09,1.434e+09,1.585e+09,1.585e+09,3.873e+09,1.043e+09,1.043e+09,2.42e+08,0,3.4019,27.2864,1.324296117,-0.2856267691,-0.2785365283,-1.354737997,32075747566
"145",2.72e+09,2.658e+09,2.222e+09,3.416e+09,2.007e+09,8.364e+09,2.53e+09,2.53e+09,5.38e+08,0,9.7143,24.1839,-1.029065967,-0.8343685865,1.150411725,-0.383831054,31342559476
"146",2015700000,2277700000,1.947e+09,2.954e+09,1460600000,6042300000,1429100000,1440300000,94400000,0.1118,31.2441,66.253,-0.818500638,-0.7152576447,1.128942251,-0.3631650209,49495944212
"147",2.602e+09,2.695e+09,2.664e+09,4.04e+09,-1.05e+09,6.237e+09,1.382e+09,1.382e+09,0,0.0362,35.1183,61.1243,0.09979964048,-0.7586377859,0.8888741136,-0.3194633424,43516092764
"148",453300000,672200000,4.48e+08,769200000,350300000,1971700000,299800000,306300000,42500000,0,18.795,50.1807,-0.8857504129,0.5845164657,1.204638958,-0.4632507265,13641056921
"149",-3.07e+08,3.177e+09,-5.52e+08,1.633e+09,-1.332e+09,4.454e+09,-4.23e+08,-3.16e+08,0,0.0868,43.8046,34.4035,-1.721772552,4.054930687,1.00137496,-1.54912293,31995302165
"150",2.099e+09,2.562e+09,2.055e+09,2.63e+09,1.933e+09,1.0839e+10,1.108e+09,1.117e+09,2.36e+08,0.1212,31.5304,39.6664,-0.007358757313,-0.6758430004,0.8055151105,-0.4735501707,53220134299
"151",1.541e+09,1.543e+09,1.499e+09,2.145e+09,1.015e+09,2.479e+09,1.08e+09,1.084e+09,0,0.1005,57.8189,53.3243,-0.6893924475,0.1444372833,0.9546930194,-0.6238003373,16180478297
"152",2.805e+09,2.892e+09,2.826e+09,3.563e+09,2.275e+09,7.432e+09,2.203e+09,2.224e+09,2.16e+08,0.0104,40.7396,63.3844,2.228786707,-2.637630463,0.6081890464,0.1630193889,52461065380
"153",4486050000,7768608000,4469346000,7921458000,1692133000,9600224000,3419040000,3419040000,155337000,0.128,47.3242,40.4653,-1.04210043,1.091452599,-0.4943138659,-2.539757013,55100972206
"154",954532000,1815426000,977383000,2182021000,-280748000,2466179000,365359000,365359000,180716000,0.14,54.4581,45.3488,0.482855469,-0.6244885325,0.9972102046,-0.1157865524,39064265327
"155",1071773000,1356295000,858560000,1861890000,986032000,1698800000,654445000,685192000,0,0.0714,43.7519,0,-2.025882959,-0.1924577057,1.648910761,-0.2371190935,33022391524
"156",-2712121000,2976256000,-2848473000,-905008000,-755508000,2665092000,-2244568000,-2007158000,25189000,130.025,84.876,99.4484,-1.855562687,-1.068607211,2.142349005,0.4662460387,10154398140
"157",1820777000,1783978000,1699930000,2640707000,-545469000,3244266000,1.033e+09,1040519000,0,0.0632,48.3888,50.5639,-1.415763021,3.753239393,0.8450446725,-1.593326092,35133909952
"158",610645000,826554000,450128000,1090529000,473787000,983657000,390153000,413599000,6266000,0.0629,48.6034,18.7433,-2.06713295,1.018453598,1.069825053,-1.052785873,21654369435
"159",1.418e+09,1.686e+09,1.422e+09,1.662e+09,1.574e+09,2.873e+09,1.016e+09,1.052e+09,4.6e+07,0,1405.7518,1311.1034,-1.377315402,0.6344159842,-0.136521861,-2.144904375,8034009997
"160",2.694e+09,2.658e+09,2.691e+09,3.597e+09,2.093e+09,7.098e+09,2.145e+09,2.146e+09,0,0.1,35.9781,65.1659,-1.046315193,0.5457053185,1.143826127,-0.5915247202,36838244000
"161",533077000,2385247000,469365000,2573632000,-1885970000,3060685000,848661000,862555000,0,0.0229,49.5993,36.9462,0.9517803192,-0.257714361,0.8119154572,-0.2215916365,33242581445
"162",791300000,926800000,749600000,868700000,688100000,2783400000,722200000,722200000,7.1e+07,0,85.9458,52.6793,-1.91909039,4.194496155,1.169554949,-1.494243741,31657376533
"163",3.684e+09,8.644e+09,3.898e+09,9.655e+09,1.05e+09,8.195e+09,2.01e+09,2.084e+09,0,0.055,38.5946,59.4691,0.5029167533,-0.510563314,0.03024536371,-1.211141229,77740139545
"164",816738000,572804000,796563000,870757000,525545000,2620373000,618199000,619790000,56147000,0.0714,40.4657,70.9305,1.448594332,-0.8985826969,0.3810320497,-0.5049699545,10827923275
"165",6.83e+08,1.975e+09,7.14e+08,1.684e+09,1.097e+09,9.258e+09,4.06e+08,3.98e+08,2.03e+08,0.069,80.8835,69.9559,0.2434554994,0.59998101,0.510263145,-0.904379189,17768969765
"166",602969000,677795000,588896000,812019000,186433000,879202000,415289000,447080000,11176000,0.0769,30.9486,0,-1.657590985,3.93265295,0.9728648663,-1.574439287,16185934230
"167",5.555e+09,1.5022e+10,3.203e+09,1.3863e+10,7.237e+09,1.4606e+10,3.677e+09,3.695e+09,1.91e+08,-0.0769,48.989,275.6588,1.575472713,-0.3583175838,-0.3499196768,-1.377415895,1.50693e+11
"168",999600000,674200000,999200000,1137800000,507400000,2398900000,751900000,751900000,5100000,0.2031,14.2321,52.5104,2.068912506,-0.5835420489,0.3599545658,-0.4458840489,15342990555
"169",2.5361e+10,2.9274e+10,2.4913e+10,2.9676e+10,1.5359e+10,4.6483e+10,2.2111e+10,2.2112e+10,4.152e+09,0,8.8965,49.5945,0.4226392508,-0.2887594998,0.9686822295,-0.2211161554,3.35611e+11
"170",611100000,6.04e+08,595200000,760700000,453900000,1959400000,389600000,389800000,36100000,0.1111,30.5437,38.0432,-1.545109749,3.948832035,1.35746479,-1.067133427,7443070517
"171",4.538e+09,3.863e+09,4.754e+09,6.292e+09,2.015e+09,5.183e+09,2.602e+09,2.894e+09,7.6e+07,0,51.4347,16.2436,-0.4542817175,0.3712716699,0.9601828456,-0.5775020719,21863537076
"172",4.911e+09,4.674e+09,4.272e+09,8.006e+09,-9.89e+08,4.0992e+10,4.572e+09,4.572e+09,1.67e+08,0.25,16.6021,47.2966,-0.1285731196,2.869870901,0.438770622,-1.439613461,80439652368
"173",3.947e+09,1.41e+09,3.495e+09,5.331e+09,-1.265e+09,4.481e+09,9.81e+08,1.348e+09,0,0,31.2783,48.9757,-0.439026773,-0.2610022724,0.7707529664,-0.6879842877,38279772893
"174",603760000,761068000,590899000,663251000,708603000,1799926000,453689000,453689000,157855000,0,9.7535,49.8765,1.641575217,-0.421808511,-0.3649589717,-1.374941826,10569589494
"175",1.368e+09,1.993e+09,1.458e+09,2.788e+09,1.371e+09,2.854e+09,8.46e+08,8.81e+08,8.4e+07,0.1034,89.7442,83.1574,1.063646078,0.5194929242,0.8747543097,-0.2519731522,41865921883
"176",1.758e+09,1.545e+09,1.753e+09,2.314e+09,1.185e+09,2.754e+09,1.187e+09,1.187e+09,7.3e+07,0,71.8341,65.7539,-1.364445686,-1.214492679,1.862989545,0.3197104335,34827617402
"177",2.765e+09,2.856e+09,2.765e+09,3.125e+09,2.779e+09,6.693e+09,2.118e+09,2.193e+09,1.27e+08,0.2333,0,0,1.51299262,-0.1111556217,-0.1218750104,-1.157410383,29669635515
"178",5.76e+08,8.13e+08,5.71e+08,7.49e+08,5.39e+08,2.456e+09,2.84e+08,2.84e+08,1.5e+07,0.1273,12.101,0,-1.335713506,-0.7047606111,1.162108183,-0.4971346259,4806611026
"179",323250000,374157000,332314000,389712000,343384000,900318000,282425000,282425000,34170000,0.0667,19.6296,66.5474,-2.159071445,0.09671267867,1.705913544,-0.2414591461,5933477923
"180",490806000,162164000,521966000,707462000,32204000,669924000,224833000,292958000,43029000,0,26.6356,23.535,-2.031518459,0.4923877716,1.848329306,-0.1327088773,4238401800
"181",229055000,190831000,255265000,341528000,113028000,1187836000,119671000,125050000,19912000,0.3333,39.8928,75.4666,-0.141326651,-0.8059572577,1.031989098,-0.2433545887,5838545505
"182",725400000,368400000,880500000,893600000,166300000,2086900000,502100000,511500000,2.3e+07,0.3561,61.4149,165.5076,2.482941389,-1.002116561,-0.2211728692,-0.9088931084,11263126090
"183",2.206e+09,1.317e+09,2.206e+09,4790731578.7234,3.676e+09,3.648e+09,2396006944.7983,2453998002.12766,2.04e+08,0,59.8663490364026,68.9664192719486,1.566799164,0.6311554909,0.2149025649,-0.8765183091,52925693519.2237
"184",2.172e+09,1.317e+09,2.252e+09,2.343e+09,1.102e+09,3.648e+09,2.187e+09,2.228e+09,0,0,63.236,65.8963,2.639005423,-0.9607689977,0.1540556848,-0.4981401265,21631620450
"185",352061000,516688000,349721000,596306000,148430000,627566000,233865000,249026000,0,0.0202,70.9405,56.7123,3.186530113,-0.3717630804,-0.2146258205,-0.8434070349,11883922282
"186",-1016600000,-185400000,-917600000,-466200000,-553500000,2279900000,-1921600000,-1910800000,22400000,3,75.6088,71.8113,1.272651196,-0.1708531529,0.1341804564,-0.9479157329,7514267826
"187",3170900000,1344400000,1178400000,3431700000,1232100000,3321300000,2878900000,2913800000,50800000,0,39.9635,67.6014,1.612982035,-0.6427755356,0.2317341566,-0.6742839217,24847830694
"188",4.428e+09,3.148e+09,4.457e+09,5.191e+09,2.458e+09,6.715e+09,3.345e+09,3.345e+09,1.4e+08,0.1067,32.0597,104.2266,1.068018913,-0.561116159,0.5623024106,-0.4521022737,58011702984
"189",-1.6713e+10,4.246e+09,-1.4557e+10,-8.489e+09,7.09e+08,2.6154e+10,-2.2802e+10,-2.2443e+10,0,-0.5595,42.7892,88.4986,-1.934204102,0.8709859252,1.307377338,-0.7381790876,1.35788e+11
"190",8.871e+09,8.4e+09,8.2e+09,1.03e+10,7.476e+09,1.7274e+10,5.455e+09,5.46e+09,8.45e+08,0.0962,13.0316,54.8811,-2.45212359e-05,-0.7387412786,1.512461662,0.3044047654,78148906731
"191",2.562e+09,2.841e+09,2419900000,3180800000,2219700000,5435600000,2.131e+09,2.163e+09,7.7e+07,0.0208,63.6809,39.0545,-0.854385376,2.236088753,1.285753727,-0.6262266636,39640112516
"192",1.694e+09,2.919e+09,1.359e+09,2.987e+09,6.09e+08,4.461e+09,1.066e+09,1.066e+09,0,0.1613,47.0717,62.7192,-0.8423474431,-0.6173063517,1.445712686,-0.02046701312,27823056509
"193",9.143e+09,1.5256e+10,4.445e+09,2.2812e+10,6.495e+09,1.4095e+10,7.916e+09,8.005e+09,0,0,55.3449,145.162,-0.6783836484,-0.0705062151,1.1850034,-0.3275391459,1.25352e+11
"194",3.5027e+10,4.7971e+10,3.1392e+10,4.4062e+10,2.1341e+10,7.727e+10,3.0736e+10,3.0736e+10,9.353e+09,0.420080728051392,59.8663490364026,68.9664192719486,0.2679052949,-0.1129898429,0.6757535338,-0.614787221,52925693519.2237
"195",3.4913e+10,4.7971e+10,2.6321e+10,4.3948e+10,2.293e+10,7.727e+10,3.0736e+10,3.0736e+10,9.353e+09,0,11.6794,55.5907,1.64687109,-0.08357617259,-0.2258444577,-1.264196873,6.21606e+11
"196",1177537000,1145164000,1109715000,1419172000,927407000,5983787000,810474000,810474000,16484000,0.0667,77.8467,48.5815,-0.1360156238,-0.6402823329,0.9785897136,-0.3070435226,16901558393
"197",725160000,1106082000,737055000,1247973000,892792000,2271352000,452053000,484667000,57826000,-0.0698,127.5846,37.7755,1.066382051,-0.1942280382,-0.03252267838,-1.170113683,20936322935
"198",1.498e+09,1.38e+09,1.479e+09,2.057e+09,6.49e+08,6.066e+09,8.48e+08,8.48e+08,8.7e+07,0,27.188,0,0.2728889585,-1.609110355,0.9860680103,-0.09473476559,11349472151
"199",823247000,919520000,778343000,919441000,765365000,1979719000,694080000,694080000,56391000,-0.1765,22.3512,62.1337,-1.290284395,-0.6770641804,1.673920989,0.09137201309,11157468108
"200",1.2481e+10,2.0421e+10,1.3155e+10,1.3809e+10,1.615e+10,3.6616e+10,9.86e+09,1.0459e+10,1.831e+09,0.0862,1796.6401,790.6373,-2.366927624,-0.2284413427,2.031704426,0.07136300951,-1.48755e+11
"201",1.332e+09,9.16e+08,1.158e+09,2.11e+09,1.05e+08,3.514e+09,7.08e+08,7.08e+08,0,0.3182,68.8724,47.8805,-0.2881022394,-1.144983649,1.667511821,0.4643119872,9717735039
"202",1.128e+09,1.057e+09,1.158e+09,1.385e+09,8.18e+08,4.348e+09,7.82e+08,8.23e+08,4.7e+07,0.0593,22.0542,45.0517,0.8461102247,-0.4792267978,0.4711166918,-0.6461240053,17584645933
"203",2.367e+09,3.157e+09,2.467e+09,3.973e+09,1.349e+09,2.986e+09,1.656e+09,1.657e+09,0,-0.2,45.9083,79.617,-1.989947081,4.274620533,1.364163876,-1.307466865,31589309883
"204",361228000,645997000,331052000,529186000,505571000,2728968000,220434000,220434000,27892000,0.1081,26.5818,94.6883,1.636951447,-0.874012053,-0.06158958003,-0.9871674776,10801193588
"205",1.628e+09,1.726e+09,1.628e+09,2.121e+09,1.616e+09,4.275e+09,1.323e+09,1.393e+09,7.8e+07,0.4286,0,0,3.390617371,1.354562879,0.2013545185,-0.6235878468,20517428767
"206",841556000,643402000,867951000,973352000,557109000,2656519000,553084000,553084000,21416000,0,55.251,46.7185,1.052163243,-0.6182576418,1.416891217,0.5100427866,8067549819
"207",6.488e+09,6.761e+09,6.642e+09,8.766e+09,3.188e+09,1.7528e+10,3.787e+09,4.389e+09,2.68e+08,0,20.1514,53.0879,5.774405956,1.014998794,-0.9373706579,-1.574869633,75149774225
"208",1.4681e+10,1.2031e+10,1.4681e+10,1.6743e+10,1.0181e+10,3.4356e+10,8.63e+09,8.63e+09,2.73e+08,0.2899,26.2037,7.061,-1.880313039,-0.5869705081,2.096779346,0.3422902822,2.62728e+11
"209",4.52e+08,1.939e+09,6.72e+08,2.335e+09,-1.58e+08,3.39e+09,-3.28e+08,-1.15e+08,7.2e+07,0,27.9423,56.5056,-0.0813395828,-0.697540164,1.059320092,-0.1916119158,15976252008
"210",2.373e+09,2.843e+09,2.057e+09,2.84e+09,2.721e+09,7.79e+09,1.801e+09,1.807e+09,0,0.1702,14.7695,160.8272,3.417619467,0.6488543749,-0.08120834082,-0.8305392861,16219762705
"211",1.029e+09,9.14e+08,9.37e+08,1.232e+09,5.12e+08,1.791e+09,8.36e+08,8.36e+08,3.6e+07,0.1984,25.0893,11.25,-0.7235307693,0.004344503861,0.8339074254,-0.7613632083,9217631311
"212",1.444e+09,1.255e+09,1.432e+09,1.769e+09,1.096e+09,7.574e+09,7.64e+08,7.69e+08,1.27e+08,-0.9761,63.4836,47.1311,-1.817716956,-0.3223883212,1.759237051,-0.04644543305,28091725641
"213",717513000,1205921000,713523000,717513000,992405000,2065022000,531451000,531451000,0,0.0137,18.1873,480.6591,1.874391437,-0.1508809775,0.4070056081,-0.4615135193,11892081430
"214",-269900000,732900000,-237900000,210400000,627300000,1696700000,-111300000,-111300000,6.5e+07,0,21.8009,65.6975,-1.71396172,1.576322198,-0.3627969623,-2.688426495,13828118399
"215",7.791e+09,6.434e+09,6.705e+09,8.907e+09,5.621e+09,1.2756e+10,6.765e+09,6.828e+09,1.75e+08,2.4456,48.9583,65.5572,-0.7211337686,-0.336558789,1.28320694,-0.193240419,1.03111e+11
"216",63495000,557852000,32964000,647297000,91268000,834658000,482672000,482672000,31687000,0.0036,19.4681,82.9419,-0.6483784318,-0.0642914027,1.245344639,-0.2616758943,7802930280
"217",7.16e+08,2.964e+09,2.136e+09,3.292e+09,1.102e+09,9.57e+09,1.908e+09,1.908e+09,2.86e+08,0.4423,72.0725,213.1651,-2.080486298,1.07483089,1.324723363,-0.7878262401,29703636316
"218",4.064e+09,4.528e+09,4.064e+09,4.592e+09,4.154e+09,1.0669e+10,5.327e+09,5.327e+09,2.68e+08,0.047,92.486,31.9169,-0.729937911,-1.056208968,1.719103932,0.3592442274,39020341383
"219",744344000,850003000,752050000,927639000,751420000,1420202000,613149000,613149000,21954000,0.0909,29.1053,16.9537,-0.1221435219,-0.7632195354,0.5653524399,-0.7733983994,5616398494
"220",1207336000,1241729000,1139949000,1369194000,861871000,1995433000,1012140000,1012582000,20595000,0.1029,27.5272,22.959,-0.08724222332,-1.83198595,1.723130941,0.6419557333,22919176143
"221",770159000,684706000,753052000,977719000,594069000,3595084000,535881000,562126000,36240000,0,21.7241,32.3135,3.653273106,-0.7771484852,-0.9229162335,-1.496487498,11270964816
"222",1.413e+09,1.3e+09,1.432e+09,2.357e+09,1.026e+09,1.814e+09,1.087e+09,1.151e+09,1.4e+07,0,19.3601,4.6913,0.7047928572,-2.628749371,1.168231845,0.3333005607,14665181008
"223",1555409000,1599993000,1623664000,1850553000,1321151000,3575325000,1177562000,1171051000,49286000,0.0816,23.5327,27.8348,-1.156737208,1.260916829,-0.4741618037,-2.570962191,26356796718
"224",2.292e+09,2.173e+09,3.1e+09,2.826e+09,1.561e+09,1.103e+10,1.683e+09,1.683e+09,1.37e+08,0.0582,52.2565,6.5096,0.7093279958,-0.386708647,0.2468352616,-0.9199112654,33172297382
"225",1.207e+10,1.5247e+10,1.2065e+10,1.655e+10,1.1531e+10,3.6936e+10,8.728e+09,8.728e+09,5.1e+08,0.0525,30.0746,182.1125,1.083851576,-1.95131588,1.326144457,0.5744490623,1.36893e+11
"226",2.732e+09,2.533e+09,2.583e+09,3.318e+09,2.253e+09,4.979e+09,1.988e+09,2.02e+09,1.3e+08,-0.04,30.3004,55.4246,-1.263217688,-0.2474272102,1.394321918,-0.2667509615,48475759405
"227",492470000,400084000,491335000,575648000,284333000,1241542000,377031000,377047000,25157000,0,11.4673,41.0403,4.356801033,-0.4137533009,-1.239500165,-1.780858636,16917674387
"228",577836000,437575000,583882000,751628000,272331000,1682707000,337302000,339781000,29401000,0.0677,43.2565,86.0543,0.4075651467,-1.382727146,1.402139664,0.4050371051,18220300206
"229",9.95e+08,1.142e+09,8.83e+08,1.174e+09,8.46e+08,2.3e+09,8.26e+08,7.82e+08,1.93e+08,0,20.15,56.2886,-1.562777758,1.189274549,-0.4113837481,-2.61695838,42574710000
"230",116890000,336227000,155396000,171859000,262744000,1787760000,109493000,109493000,148153000,0,20.1377,59.6601,-1.246865869,0.3915056586,1.085908175,-0.6740868092,12110575131
"231",652600000,1289500000,646900000,1193800000,1066800000,2513500000,542300000,539200000,241700000,0,5.8084,72.1861,-0.1017116383,-0.2424405962,0.6888349056,-0.6852873564,26595698272
"232",2.3191e+10,2.9432e+10,2.3316e+10,3.2276e+10,1.4251e+10,4.3737e+10,2.1053e+10,2.1053e+10,1.546e+09,0.1132,19.7008,34.6309,-1.936310887,0.1109945551,1.184877396,-0.7631127238,2.28898e+11
"233",1.586e+09,2.112e+09,1.56e+09,1.839e+09,1.988e+09,5.062e+09,1.329e+09,1.329e+09,3.82e+08,0.1471,10.7834,5.9369,-1.267045259,4.01702404,0.6493051648,-1.808352828,51127590716
"234",2.993e+09,3.226e+09,2.933e+09,4.321e+09,1.677e+09,7.751e+09,2.012e+09,2.017e+09,0,0.0327,37.7905,55.1431,-1.443982244,-0.5413046479,1.779086113,0.1214436814,32709949049
"235",941100000,565100000,1008800000,1.144e+09,3.88e+08,1378200000,618900000,637700000,82200000,0.1667,251.6683,264.0336,-2.060497522,0.4605844617,1.635349274,-0.3520657122,10989771445
"236",7.32e+08,1.254e+09,7.41e+08,1.873e+09,7.95e+08,3.666e+09,2.59e+08,2.84e+08,1.13e+08,0,80.4528,83.9234,0.3392733037,-0.02771049552,0.6152874827,-0.6765921712,33570920664
"237",1839600000,1407800000,1917400000,2201100000,1064300000,4820600000,1337600000,1357500000,0,0.1529,39.726,62.4136,-0.3587398529,-0.04772602767,0.7206303477,-0.7477139831,25599123063
"238",808903000,935549000,810836000,1464092000,561646000,2424179000,363351000,364549000,31167000,0.0608,27.5333,73.15,2.884266615,0.6326697469,-0.07927890122,-0.9614208341,17253715042
"239",1282400000,1169600000,1199400000,1405200000,982200000,2604100000,1127900000,1.125e+09,261200000,0,9.8694,66.8706,2.925599813,-0.5756394863,-0.4795679152,-1.132478118,51629690435
"240",307895000,471158000,259715000,563496000,344285000,2506654000,122456000,122456000,66172000,0,65.1979,115.2367,2.636048079,0.1879350543,0.008561913855,-0.8197826147,13745107989
"241",3.651e+09,2.811e+09,3.584e+09,4.112e+09,2.473e+09,6.164e+09,2.563e+09,2.563e+09,4e+07,0.2448,21.0577,64.8043,-1.308214188,0.7260835767,1.183596134,-0.6469637156,47911930895
"242",1249300000,828800000,1204900000,1391400000,726300000,5314100000,882800000,883100000,172400000,0.0348,868.9158,62.2357,0.6893328428,-0.09918045253,0.9007273912,-0.2294103652,12687062849
"243",681245000,1087841000,681021000,1117138000,202356000,3366714000,489585000,489585000,47369000,0.0435,30.0705,44.559,1.242642641,-0.5794829726,0.7991913557,-0.1423663497,11299269278
"244",2.76e+09,2.516e+09,1.77e+09,3.584e+09,1.919e+09,7.667e+09,2.162e+09,2.383e+09,1.06e+08,0.04,53.1434,87.6936,1.771293879,-2.260552406,1.263415456,0.7255297899,43283762328
"245",621754000,481152000,647971000,820341000,389561000,2828370000,163431000,173142000,79242000,0.6667,18.9066,61.2351,0.2051823735,-0.1564177722,0.5175714493,-0.7976068258,12368132574
"246",1.9004e+10,2.2201e+10,2.0219e+10,2.5933e+10,1.8531e+10,5.4595e+10,1.5297e+10,1.5297e+10,9.78e+08,0.0663,33.7211,63.0756,-1.252199054,-0.2855484188,1.319526076,-0.3595468104,3.66415e+11
"247",532700000,861100000,572200000,743200000,713700000,2741200000,566900000,566900000,217100000,0.8,16.3985,59.2639,0.710475266,1.005278826,0.2914629281,-1.089906812,7868004904
"248",3.8999e+10,1.4187e+10,4.5635e+10,4.679e+10,1.4187e+10,1.09029e+11,3.0709e+10,3.2474e+10,0,0.2157,658.5326,245.0541,0.8363814354,-0.3401089013,-0.1185939312,-1.332669616,2.57882e+11
"249",9.26e+08,1.4e+09,9.26e+08,1.592e+09,6.69e+08,5.588e+09,4.37e+08,4.37e+08,7.7e+07,0,33.2268,3.4194,-0.4510983229,-0.2403310984,1.315093517,-0.09666465223,9325400804
"250",1.804e+09,1.536e+09,1.706e+09,2.32e+09,9.58e+08,4.726e+09,1.336e+09,1.344e+09,5.9e+07,0.0377,65.3912,37.0469,-1.689661145,-0.2214923203,1.65042007,-0.1194145158,28355675419
"251",2.21e+09,2.506e+09,2.203e+09,2.592e+09,2.409e+09,6.178e+09,1.8e+09,1.866e+09,9.9e+07,0.4868,0,0,-0.2602286637,-0.3534443676,0.9748386741,-0.4082631469,29207359637
"252",-9.975e+09,2.574e+09,-1.022e+10,-8.992e+09,1.748e+09,8.921e+09,-1.0192e+10,-1.0254e+10,3.3e+07,0.0204,57.7069,29.583,0.1704723388,0.2731723785,0.3852522075,-1.020589232,82522474308
"253",682734000,637936000,352566000,993114000,855806000,836203000,439604000,498463000,18221000,0.0275,0,57.8253,0.01557740755,-0.4745950699,0.8688158989,-0.4156806171,10903673618
"254",1570307000,1229120000,1570307000,1632991000,1162173000,2590660000,802265000,802265000,62784000,0.1776,15.3131,58.925,-0.7648522854,-0.2822824419,1.076950669,-0.455302,15536606215
"255",2.144e+09,2.97e+09,2.229e+09,3.026e+09,2.144e+09,5.597e+09,1.41e+09,1.445e+09,4.1e+07,0.0309,62.9855,42.7275,0.8283190131,0.1119270623,0.1040839702,-1.143354297,46373526255
"256",4.113e+09,5.043e+09,3.794e+09,6.41e+09,2.119e+09,6.856e+09,1.481e+09,1.919e+09,0,0.45,34.5026,38.6574,-1.837604761,3.148470879,1.1116395,-1.280812025,67987941254
"257",1134353000,-80550000,1132990000,1314295000,-377269000,2328859000,664112000,664112000,61879000,0,11.2938,248.7817,-0.06080818549,-0.3237016797,0.7747237086,-0.5441673994,23872501959
"258",8.976e+09,7.32e+09,8.7e+09,1.0062e+10,6.218e+09,2.0086e+10,6.434e+09,6.476e+09,2.25e+08,0.0541,109.2273,42.222,-1.52640605,-0.3697028458,1.838918328,0.1461159438,2.29645e+11
"259",2.103e+09,3.413e+09,2.612e+09,4.539e+09,6.04e+08,2.7e+10,1.907e+09,1.889e+09,1.51e+08,0.0889,17.4314,4.8711,0.3673004806,0.2049768567,0.3317790329,-1.006147981,40334370275
"260",1.416e+09,1.691e+09,1.416e+09,2.407e+09,1.019e+09,7.908e+09,8.59e+08,8.59e+08,5.5e+07,0.1,23.0987,0,1.045493126,0.1509217918,0.2660132647,-0.8908049464,13477812677
"261",994900000,945700000,986300000,1341600000,335200000,1773100000,627200000,629400000,20400000,0.0435,58.7577,40.5077,1.008788347,0.2225922048,0.4344587326,-0.7180566788,12295920743
"262",1.338e+09,4.222e+09,1.408e+09,2.25e+09,3.227e+09,6.236e+09,6.36e+08,7.06e+08,0,-0.004,1.0899,206.5548,0.350440681,-1.718338966,1.634289742,0.6471959352,21403958342
"263",1.718e+09,1.406e+09,1.728e+09,2.289e+09,6.99e+08,4.959e+09,9.83e+08,9.83e+08,1.02e+08,-0.3182,20.7176,8.9574,-0.8268715143,1.320251465,-0.4956080914,-2.503943682,17260375490
"264",445100000,440300000,437700000,549400000,280700000,888700000,305900000,306100000,35500000,0.0563,39.7871,48.8661,-0.8217867017,-0.4320893586,1.34317708,-0.1601272672,5575072303
"265",2241002000,1711609000,1837271000,2332183000,1619803000,2334185000,1695831000,1717513000,72655000,0,20.4892,4.2022,-1.233172774,-0.1217204854,1.414756775,-0.2341924161,21306749365
"266",1512300000,1305400000,1325700000,2064400000,925600000,3176400000,883700000,883900000,91600000,0,20.4377,59.9767,-2.029123068,0.5129903555,1.678638697,-0.3265725672,18382724000
"267",817890000,710739000,882241000,1111967000,488371000,4574857000,480118000,483168000,22760000,0,28.9623,35.4679,2.105419159,-0.5675054193,-0.2799107432,-1.142062426,11529687979
"268",3795700000,5524500000,3795700000,5404700000,4317500000,18125700000,3.232e+09,3.232e+09,279500000,0.0822,17.9425,85.8673,-0.0201196596,-0.7905880809,1.707927227,0.5321304798,1.25474e+11
"269",6.506e+09,3.138e+09,7.274e+09,7.667e+09,1.86e+09,7.274e+09,5.046e+09,5.046e+09,1.73e+08,0.0992,16.3076,16.5928,-1.302289486,-0.004641972017,1.312982917,-0.3834548295,87806022146
"270",2.182e+09,1.943e+09,2.182e+09,2.182e+09,1.943e+09,2.258e+09,1.641e+09,1.641e+09,0,0.1379,106.7843,407.0915,-1.871733785,0.8217822313,-0.5205192566,-2.854419947,14454058388
"271",8.17e+08,527700000,694400000,1323900000,-1040600000,1201300000,512100000,522300000,0,0.0635,56.1054,36.185,-1.520127892,1.484863639,-0.5752418637,-2.862714767,15891414886
"272",6.122e+09,5.065e+09,6.586e+09,7.662e+09,3.987e+09,2.2434e+10,3.447e+09,3.447e+09,9.9e+07,0.188,35.0537,0,-1.568058968,-0.2109283358,1.284664154,-0.4925090671,1.00526e+11
"273",3151789000,2655747000,3213299000,3478184000,2382278000,5165032000,2380681000,2380681000,172216000,0.5455,16.8375,71.7326,1.270128965,-2.403988123,1.209699869,0.5190116763,25264066507
"274",3.295e+09,4.893e+09,3.206e+09,4.496e+09,2.971e+09,1.4908e+10,2.465e+09,2.465e+09,0,0.2737,23.5302,9.4387,0.7195939422,-0.2523896694,0.3736651838,-0.8019371629,25824010396
"275",5.663e+09,5.471e+09,5.231e+09,6.904e+09,3.366e+09,6.475e+09,4.688e+09,4.69e+09,3.9e+07,0.1268,28.8882,32.7811,-1.158095598,-1.716122746,1.644870996,0.2235051841,39998973500
"276",1.848e+09,1.976e+09,1.057e+09,2.839e+09,1.627e+09,9.758e+09,1.566e+09,1.555e+09,5.8e+07,0.01,71.1442,5.3128,-1.093914032,-0.04644082487,1.269009113,-0.3684040606,11576172868
"277",7.39e+09,6.223e+09,7.282e+09,7.849e+09,5.719e+09,1.495e+10,5.859e+09,5.859e+09,1.96e+08,0.1364,13.1107,55.5679,-1.042945504,0.1746937186,1.043417215,-0.6466386914,1.91713e+11
"278",399104000,734292000,395468000,890099000,350090000,486999000,219211000,231022000,12444000,0.0606,0,0,-1.33082962,0.6950032115,0.8526816368,-1.039235473,15370929302
"279",239378000,344311000,176557000,574060000,107080000,579347000,60020000,68972000,27367000,0.0348,22.5731,79.3102,-1.88887167,0.8649576902,-0.4151390195,-2.710200787,11316327039
"280",2.685e+09,2.357e+09,2.366e+09,2.969e+09,1.801e+09,3.674e+09,1.907e+09,1.907e+09,1.84e+08,0.2093,13.4866,37.5058,0.2121651769,0.005018069409,0.6842021346,-0.619684875,46064105368
"281",1.148e+09,1.032e+09,1.211e+09,1.304e+09,8.27e+08,2.689e+09,7.34e+08,7.84e+08,6.9e+07,0.0741,37.1593,46.6348,-1.132211924,-0.7738934159,1.93324542,0.4277089238,11358771666
"282",-235217000,-27317000,-234349000,36715000,-179731000,1798683000,-533299000,-533299000,48915000,-1,43.4918,78.4264,-0.6644920707,-0.6051253676,1.538088441,0.1295688599,5709474362
"283",8797300000,6966700000,8822600000,10279300000,4385400000,1.0786e+10,5924300000,5924300000,125100000,0.094,20.9693,42.3847,-0.200327158,-0.9077296853,1.237696409,-0.02357816882,1.671e+11
"284",936300000,1419600000,936300000,1552200000,1212800000,2420700000,255400000,255400000,93200000,0.0056,13.2125,51.6857,-1.822510362,4.173969746,1.255764484,-1.334264755,21407182435
"285",2.97e+08,4.345e+09,6.16e+08,1.248e+09,3.765e+09,1.1184e+10,6.7e+07,2.97e+08,0,0.1607,56.3677,31.0261,-0.3898887932,0.1742818207,0.8933548927,-0.5977327824,34056302147
"286",1877200000,1461100000,1868200000,2069100000,1370700000,4442700000,1309600000,1319400000,130300000,0.1579,57.1157,105.7446,4.513588905,0.9672341943,-0.1621320248,-0.6970105171,30690164000
"287",4.674e+09,3.948e+09,3.312e+09,5.485e+09,3.251e+09,1.0352e+10,3.381e+09,3.395e+09,1.28e+08,0.1707,81.5333,42.3005,3.501408577,-0.6616942286,-0.9811496735,-1.623399615,75469031662
"288",6.83e+09,4.684e+09,6.64e+09,9.474e+09,3.616e+09,2.0886e+10,3.104e+09,3.095e+09,3.44e+08,0.0698,19.8384,72.9561,0.322096169,0.8213888407,1.507033944,0.2060334682,1.24708e+11
"289",6.302e+09,1.1738e+10,6.307e+09,6.93e+09,1.1738e+10,2.0021e+10,4.982e+09,5.128e+09,0,0,133.201,105.5336,-0.7740955949,-1.648652911,1.944746375,0.6514818668,38065578627
"290",1286397000,1722539000,1321796000,2464441000,261308000,4844221000,466772000,583894000,70177000,0.0909,19.0635,20.3926,-0.4190152884,-1.106866121,1.470766902,0.1955561489,26534522461
"291",1084877000,1181344000,1095326000,1606642000,387234000,2838070000,861704000,864855000,31382000,0,55.7123,58.7209,-0.2971359193,-0.5067847371,0.7644689679,-0.6286587119,11817232607
"292",915900000,821200000,903300000,1066600000,664400000,2371600000,898600000,898600000,25600000,0.1064,47.9118,34.9621,3.198518753,-1.037347913,-1.254225731,-1.940162301,24349579250
"293",712772000,705148000,690737000,1056805000,329194000,966577000,469998000,470376000,29253000,0.0698,18.1292,45.0009,-0.102375403,-0.3369613886,1.081919432,-0.2222034782,13853912987
"294",2.514e+09,2.428e+09,2.761e+09,3.008e+09,2.117e+09,1.495e+10,1.65e+09,1.67e+09,1.93e+08,0.1049,54.5425,105.3983,-0.5796267986,-0.4833169878,1.274165988,-0.1547214389,44928720656
"295",6.986e+09,6.439e+09,7.207e+09,8.474e+09,5.124e+09,1.6083e+10,5.349e+09,5.363e+09,3.02e+08,0.1574,25.2431,55.9225,-0.5234665275,-0.9198403955,1.376238346,0.02486239187,1.22338e+11
"296",1293272000,1161881000,1283619000,1350251000,1091251000,2295375000,993004000,993004000,57111000,0,23.849,46.4556,-1.333524823,-0.7106244564,1.294177294,-0.35435462,26258699535
"297",1.0002e+10,8.391e+09,9.115e+09,1.0229e+10,8.153e+09,1.2254e+10,6.963e+09,6.967e+09,0,0.1811,5.7418,2.0434,1.43024075,-0.6136439443,0.7051668763,-0.1820813119,1.17219e+11
"298",713200000,1409800000,909500000,1597100000,455300000,1498400000,4.7e+08,469900000,27500000,-0.8333,29.7298,31.9227,-1.082303286,-0.08378350735,1.224630237,-0.429913044,14940881183
"299",4.745e+09,6.158e+09,5.571e+09,7.235e+09,2.634e+09,1.1036e+10,2.78e+09,3.606e+09,0,0.2105,39.5365,22.001,-0.9254520535,1.104545832,-0.7893195152,-2.847960234,66604266569
"300",8.728e+09,1.0922e+10,8.299e+09,1.3247e+10,8.307e+09,2.8785e+10,6.22e+09,6.193e+09,3.48e+08,0.0529,28.6346,61.0232,3.880499601,1.215596795,-0.01404077932,-0.7848680615,2.14945e+11
"301",1.653e+09,3.234e+09,1.667e+09,4.094e+09,4.81e+08,5.165e+09,1.096e+09,1.096e+09,5.3e+07,0,81.7396,59.8352,1.506342769,-0.8038644791,0.5908839107,-0.2718727887,15957496062
"302",1.1098e+10,7.305e+09,1.1237e+10,1.2942e+10,5.44e+09,4.0107e+10,8.222e+09,8.883e+09,9.2e+08,0.2222,1634.1046,485.0467,3.947432756,1.382830858,-0.3891032934,-1.187114477,-34698863330
"303",3.6474e+10,4.3884e+10,3.5058e+10,4.6735e+10,3.2252e+10,7.2007e+10,1.6571e+10,1.6571e+10,3.94e+09,0.0784,28.4995,87.5821,-0.1195952147,-0.2982769608,0.6419644952,-0.7372630835,7.16437e+11
"304",1.321e+09,1.075e+09,1.255e+09,1.681e+09,8.78e+08,3.48e+09,9.66e+08,9.69e+08,7.3e+07,0.1036,29.4267,64.2714,1.047851205,-2.450669765,1.36904788,0.6381543279,22875245935
"305",2426188000,2089852000,2800313000,2605193000,1992176000,5796302000,1836028000,1918080000,0,0.1833,0,0,-1.31210041,0.9083835483,-0.4930444658,-2.589256048,15116856028
"306",686369000,565005000,686369000,771060000,430469000,1684378000,512611000,512611000,17579000,0,24.4496,66.5856,-0.3059889972,-0.2275899053,0.6286579967,-0.8133698106,15021547936
"307",1.4645e+10,1.74e+10,1.4994e+10,1.9404e+10,8.521e+09,1.7891e+10,1.4135e+10,1.4138e+10,1.98e+08,0,52.5323,65.7915,-1.703570843,-0.02307036519,1.356903791,-0.470900625,59028608681
"308",840700000,2341700000,905600000,2950600000,2089600000,4001600000,352500000,352500000,-3300000,0,51.6189,91.9691,-1.133928418,0.9202741385,0.9981485009,-0.8319544196,27603102853
"309",5.28e+08,1.14e+09,5.28e+08,5.28e+08,1.14e+09,1.572e+09,3.95e+08,3.95e+08,2.5e+07,0,0,0,-1.395876288,-0.04156767949,1.433525443,-0.2801145017,95951681235
"310",3.42e+08,2.336e+09,-4.92e+08,2.276e+09,-9.43e+08,3.789e+09,-6.6e+07,1.4e+07,6.2e+07,0.075,88.3584,45.0943,0.3287951946,-0.4926254153,0.3218468428,-0.9442895055,14859029240
"311",1239714000,2075171000,1219061000,1806686000,508375000,2678050000,954843000,954843000,115983000,0,9.6184,3.3304,-1.662284493,1.27661252,-0.4776007533,-2.754514694,15724377006
"312",1.214e+09,1.028e+09,1.028e+09,1.424e+09,9.17e+08,2.526e+09,4.58e+08,4.58e+08,6.9e+07,0.1644,26.1994,32.7706,-1.729215503,2.682323933,1.293060422,-0.9713532329,16350974611
"313",9.712e+09,6.593e+09,4.28e+09,1.3623e+10,5.83e+08,9.665e+09,6.638e+09,5.776e+09,0,0.1292,52.0649,64.7866,-0.7643733025,-0.4722667038,1.222609878,-0.2569046617,1.2015e+11
"314",9.34e+08,1.827e+09,7.9e+08,2.149e+09,7.95e+08,3.16e+09,3.41e+08,3.8e+08,7.6e+07,1.24,15.2482,12.7823,0.8956451416,-2.366234541,1.298431277,0.5074614286,19272676900
"315",1646951000,-2680479000,1605226000,9303408000,-2893011000,5826803000,1211242000,1211242000,320657000,0,121.3021,0,-0.6909865141,-0.4192887247,1.180262685,-0.3051565886,1.23288e+11
"316",122700000,540100000,124700000,722300000,-1278100000,3353200000,-65600000,-50600000,28600000,0.1143,69.1748,81.8493,0.07144033909,-0.3566895723,1.294074655,0.05272107571,18220824233
"317",4.379e+09,4.955e+09,4.445e+09,5.126e+09,3.93e+09,1.5956e+10,1.933e+09,1.933e+09,2.18e+08,0.1176,22.8545,35.079,-1.578159332,-0.4148878157,1.794023752,0.08897483349,1.14289e+11
"318",-5e+08,1.058e+09,-4.75e+08,1.75e+08,5.42e+08,3.71e+09,-7.12e+08,-7e+08,3.5e+07,0.0451,62.6915,62.6355,-1.751007318,1.567919254,-0.1871554255,-2.496175051,16144760856
"319",4.304e+09,3.827e+09,3.78e+09,5.104e+09,2.578e+09,6.791e+09,3.229e+09,3.229e+09,8.6e+07,0.2051,26.4639,78.5184,-0.622669518,-0.02222596854,1.5627774,0.09459231049,54823466979
"320",1.25e+08,5.21e+08,2.11e+08,8.15e+08,2.77e+08,1.444e+09,-3.1e+07,-2.2e+07,1.1e+08,0,31.1759,90.721,0.6756702662,0.2299519926,0.3366727829,-0.9028165936,11136520284
"321",7.58e+08,1.377e+09,9.82e+08,1.217e+09,9.89e+08,2.37e+09,2.68e+08,2.68e+08,2.5e+07,-0.6923,33.2343,39.4345,-0.7285109162,-0.5291389227,1.026433229,-0.4551556706,17635228950
"322",4.026e+09,3.726e+09,3.959e+09,5.13e+09,1.979e+09,7.986e+09,2.666e+09,2.666e+09,0,0.2459,47.9425,32.1422,-0.1487818062,-0.02998254821,1.267241359,-0.08714152873,51513761408
"323",1.199e+09,1.478e+09,1.158e+09,1.397e+09,1.543e+09,3.709e+09,1.16e+08,1.16e+08,1.61e+08,0.0526,37.5545,64.5641,-1.102762818,0.01171130873,0.8433944583,-0.860185504,14592990519
"324",1957800000,1767500000,1957800000,2418700000,1261500000,5974700000,1.51e+09,1556400000,0,0.2125,0,0,-0.5234398246,-0.1881600916,0.6113048196,-0.9161137342,-12859762025
"325",3244609000,2393952000,3324686000,3964246000,1443010000,4295408000,2360767000,2481084000,73422000,0.0192,20.7956,36.4831,0.1143449172,-0.3179579377,0.583447814,-0.7472841144,19157104897
"326",3.257e+09,3.502e+09,3.21e+09,3.456e+09,2.911e+09,5.822e+09,3.047e+09,3.047e+09,3.91e+08,0.1753,22.3945,47.5319,-1.758349895,0.2150636613,1.504325867,-0.3675754368,1.44483e+11
"327",-7949700000,6.8e+08,-7828500000,-7515800000,295600000,3008800000,-6917900000,-6917900000,75700000,0.0455,47.7961,86.9269,0.3377542198,-0.3312526643,1.124852419,-0.06497769058,15197112000
"328",-1.152e+09,7.57e+08,2.48e+08,-6.8e+08,5.31e+08,4.121e+09,-1.514e+09,-1.444e+09,0,0,24.4709,65.2017,4.76540184,1.497890115,-0.7102766633,-1.453517795,8748900761
"329",634974000,940742000,635958000,1174754000,-853943000,1261512000,363614000,364598000,27267000,0.039,55.4038,39.8556,-1.319517255,-0.2761876285,1.574137807,-0.07127038389,25093724839
"330",1984226000,2186719000,1820536000,2412783000,45244000,3066566000,1151703000,1155032000,31664000,0.193,32.3558,23.7366,0.4061617851,-0.5683757067,1.295131326,0.1803311408,31589969684
"331",2085500000,1722300000,1955100000,2349500000,1526600000,15290200000,1326400000,1440500000,70500000,0.0667,273.67,183.0013,-1.162857056,0.4566803277,-0.1301195174,-2.050045252,17647399637
"332",1.4449e+10,1.5386e+10,1.3264e+10,1.7234e+10,1.365e+10,3.1323e+10,3.587e+09,3.587e+09,1.607e+09,0.1875,4.9027,47.6002,-0.4674410522,-1.530733943,1.613994718,0.3789301515,1.84084e+11
"333",1816216000,1727555000,1815184000,2075153000,1228071000,5039966000,1324487000,1324487000,20176000,0,129.2294,10.341,1.295069337,-0.7046703696,0.4560462534,-0.491701901,30968137147
"334",5.997e+09,7.669e+09,5.666e+09,9.974e+09,2.749e+09,7.95e+09,4.131e+09,4.131e+09,0,0.0131,94.1705,109.6889,-1.849809408,0.5453752279,-0.1271967739,-2.283941507,53627492074
"335",1308700000,1276400000,1291500000,1446700000,1122400000,2359500000,994100000,994100000,44600000,0.1196,7.9641,53.2096,0.02809672803,-0.037719924,0.7849718332,-0.5678237677,23137078633
"336",576300000,589300000,576300000,612600000,501400000,1572400000,4.54e+08,468100000,23700000,0.0131,0,0,-0.8959403038,0.2344472408,1.580225587,-0.005847028457,9002564944
"337",2997100000,2992300000,2875400000,4051200000,1.04e+09,4570700000,2195100000,2195100000,0,0.411,55.1624,188.8281,0.06907027215,-0.3420790434,0.5746620893,-0.7478576303,25460927099
"338",-9.214e+09,4.752e+09,-9.7e+09,-6.178e+09,-1.762e+09,5.107e+09,-6.851e+09,-6.837e+09,0,-1,43.0142,101.47,-1.585002422,0.05870912969,1.185634136,-0.623994112,32644514055
"339",226006000,178895000,219889000,309822000,135632000,1199366000,200974000,200974000,36532000,0.0612,40.7606,64.2461,-2.062947989,0.8953345418,1.122056723,-0.9907765388,3154723520
"340",2.331e+09,2.913e+09,2.298e+09,3.489e+09,-9.99e+08,3.456e+09,1.438e+09,1.438e+09,0,0.0465,54.622,63.0544,1.10023725,-2.256246567,0.9964902401,0.2281658649,41609657406
"341",1.067e+10,9.415e+09,1.011e+10,1.3069e+10,6.267e+09,3.528e+10,1.2515e+10,1.2559e+10,2.56e+08,0.1326,102.2391,40.3153,-0.7607375383,-0.392539978,1.517740846,0.036438182,1.77281e+11
"342",1.1859e+10,1.5827e+10,1.1885e+10,1.8243e+10,1.3631e+10,4.2399e+10,1.1153e+10,1.1188e+10,9.49e+08,0.0625,31.8007,54.6,0.8403940797,-0.245217979,0.8211098313,-0.2394151092,2.75225e+11
"343",1777200000,5156500000,1784400000,1982300000,5064200000,5921100000,1546500000,1553700000,77400000,0.123,0,36.2277,-0.6664176583,0.02722617052,1.150037885,-0.3800573945,12827251406
"344",1.3721e+10,1.4867e+10,1.3363e+10,1.6555e+10,1.115e+10,3.24e+10,9.75e+09,9.861e+09,3.95e+08,0.033,56.4933,25.5924,1.716450095,-0.688962698,-0.07417016476,-0.9633447528,2.15902e+11
"345",3324400000,6284800000,3330100000,3586800000,6028200000,1.0258e+10,2593900000,2.621e+09,77200000,0.652,57.5994,108.4636,3.775971413,1.184646606,0.2232590169,-0.5137800574,37715122948
"346",1915636000,1596700000,1929141000,2381721000,1430914000,3564647000,1060801000,1061315000,118831000,0.062,36.5017,63.1348,1.954023004,-0.3632215858,0.8190844655,0.03532207012,24855530585
"347",1347540000,1449744000,1347540000,1396969000,1390705000,2373412000,1022023000,1022023000,28290000,0.0556,12.6115,0,0.6758118868,-0.8239892125,0.5544273853,-0.520849824,9542364019
"348",1067700000,1180100000,1067700000,1478600000,628700000,1645300000,7.38e+08,7.38e+08,23500000,0.1905,19.8875,46.9298,-1.252950788,-0.1441748142,1.575804234,-0.07819256186,10027944491
"349",324336000,311038000,323884000,504924000,217785000,1340939000,237927000,237927000,28767000,-0.2,29.0304,83.1262,2.51533246,-0.668110311,-0.3730814457,-1.122514725,10466209260
"350",1941832000,1803559000,847002000,2889046000,-1376657000,2046761000,1643426000,1822960000,76093000,0.0909,98.9813,0,1.612855434,-0.1004767939,0.3007298708,-0.6722428203,47711960600
"351",1.1021e+10,9.478e+09,1.1377e+10,1.201e+10,8.042e+09,1.8867e+10,7.911e+09,8.286e+09,0,0.064,9.4562,16.2968,-0.6090717912,-0.1284901649,0.9245316982,-0.5755455494,1.28946e+11
"352",6.383e+09,7.84e+09,6.836e+09,7.512e+09,7.84e+09,1.7132e+10,5.061e+09,5.346e+09,0,0.3077,0,0,1.256860971,-0.2455491424,0.4582640529,-0.5538903475,94755141568
"353",438100000,439100000,436700000,522700000,391100000,1047700000,347400000,347400000,20900000,14.9659,46.6052,60.0968,0.6820417047,-0.517603457,0.977653265,-0.09717917442,7271946913
"354",863234000,1254801000,773687000,1512529000,113456000,1365538000,511047000,530540000,0,0.0609,35.5988,39.6507,2.792489529,0.5151993036,0.5332861543,-0.2436982989,14758059763
"355",1.812e+09,1.467e+09,1.674e+09,2.309e+09,1.083e+09,6.373e+09,1.341e+09,1.358e+09,3.7e+07,0.0941,86.015,67.5442,0.5678264499,-0.3299053609,-0.06398545206,-1.329467535,28576426069
"356",3.248e+09,2.821e+09,2.852e+09,4.42e+09,-4.17e+08,2.852e+09,1.827e+09,1.827e+09,2.6e+07,0.038,46.3693,54.3398,1.272833943,-0.6263600588,0.1474566013,-0.8438485265,41811263790
"357",418600000,5.93e+08,236500000,842200000,490400000,1831500000,1.31e+08,1.31e+08,37700000,0.1875,36.6335,82.7782,-2.126316786,-0.1553768069,1.656653762,-0.2722319365,7955741080
"358",4.896e+09,2.1664e+10,4.834e+09,5.057e+09,2.1664e+10,1.9056e+10,4.074e+09,4.088e+09,0,0.2,0,0,1.328846335,-0.9178553224,-0.04503703862,-1.016268969,42377150000
"359",1743573000,2061503000,1412192000,2227219000,1582634000,2014558000,1488900000,1717223000,69936000,0,0,0,-2.081110954,1.028098941,-0.4920041859,-2.879563808,36344181421
"360",7.671e+09,7.573e+09,7.941e+09,9.027e+09,4.934e+09,1.0982e+10,5.595e+09,5.873e+09,0,0.1355,21.0467,19.7269,0.1615158767,-0.8063035011,0.6282861233,-0.6205317974,47866946404
"361",640400000,644200000,646200000,965300000,289500000,4894400000,537800000,536100000,44900000,0.0133,36.4312,28.5128,1.066540956,-1.0790627,0.1120411828,-0.8836414814,13837815098
"362",491950000,358789000,529021000,738463000,82526000,1479964000,293346000,296007000,52484000,0,42.9489,76.9355,-1.857371926,0.9118208885,-0.06128046662,-2.277242184,5423015732
"363",1.38e+09,3.242e+09,1.377e+09,2.914e+09,-5.41e+08,4.346e+09,9.78e+08,9.75e+08,8.5e+07,3,62.9591,31.5571,-1.045429111,1.363861918,-0.7546554804,-2.891556501,23263173945
"364",2.376e+09,5.483e+09,2.194e+09,3.152e+09,4.663e+09,7.114e+09,2.057e+09,2.057e+09,8.53e+08,0,515.9986,481.32,-0.7175291777,-0.6768547893,1.469501019,0.02946603298,89445215710
"365",1.16e+09,3.908e+09,6.21e+08,2.721e+09,3.124e+09,1.2367e+10,-4.964e+09,-4.964e+09,8.83e+08,0.0818,29.4602,46.8781,1.410826564,0.6342820525,1.086820602,0.05589337274,1.10939e+11
"366",76693000,852520000,69676000,790908000,582685000,1146966000,-40288000,-40288000,68158000,0,26.1693,47.9646,-1.61034596,0.7776382565,-0.5210360289,-2.715035677,8725859339
"367",2144714000,3479139000,1894801000,3178411000,-180889000,4231642000,1811042000,1815792000,46061000,0.2037,18.7698,12.476,-0.7627126575,-0.8477029204,1.200649977,-0.2604953051,30927604565
"368",-195440000,610069000,-195440000,-195440000,610069000,206773000,103552000,103552000,32369000,0.0495,10.8076,213.4512,0.1759743989,-0.1861486882,0.6406580806,-0.6531772614,8588039044
"369",397583000,610327000,380169000,757271000,634581000,815085000,249127000,252325000,12550000,0.0571,73.1993,56.1217,1.215972304,-0.6240112185,0.9965379834,0.09278449416,13612944634
"370",2581700000,2195100000,2534400000,2729900000,1.812e+09,6276700000,2444400000,2444400000,427400000,0,11.8679,122.0075,-0.8682300448,-0.6223871708,1.140286565,-0.3930499852,38324209654
"371",2.082e+09,2.275e+09,1.955e+09,2.544e+09,2.124e+09,5.525e+09,1.695e+09,1.759e+09,0,0.4603,0,0,0.3685505986,0.3298221827,0.5290690064,-0.8129689693,22799183811
"372",591602000,572322000,587220000,657551000,529838000,2410014000,434288000,434288000,44953000,0.1667,10.5739,49.993,0.9027567506,-0.6751167774,0.9964197874,0.001543937251,6672449830
"373",1310655000,1903327000,1304877000,1409390000,1769741000,7181930000,856695000,850917000,99486000,0.25,315.6103,210.34,3.505235434,-0.9992533922,-0.06232003868,-0.5159785748,7331216304
"374",507400000,975100000,498200000,802600000,813500000,3751700000,162800000,162800000,74500000,0,9.7769,24.8793,1.341390491,-0.7779750228,0.294300288,-0.6477129459,7374742213
"375",549667000,505026000,541831000,669627000,442445000,1362164000,315588000,315588000,48412000,0.0606,14.462,75.4396,2.930160284,0.4981884956,0.3297738731,-0.4175968468,14906139897
"376",1403800000,1.3e+09,1.297e+09,1568400000,1.175e+09,2884900000,535500000,535500000,38500000,0.1546,39.0626,65.1645,-0.7885469794,-0.286605835,1.217204452,-0.3046553433,24022724013
"377",1380500000,1430100000,1396400000,1.43e+09,1371500000,3279500000,944400000,944400000,133800000,0.1779,11.6225,61.1849,1.611485839,0.02309760824,-0.01029834524,-1.041983247,32143691208
"378",2048396000,1681338000,2048396000,2361559000,1325896000,4092094000,1362753000,1362753000,87417000,0.1852,27.3683,2.269,-1.634609818,0.870721817,0.07415949553,-2.042745829,28493188169
"379",-1566761000,990690000,-1566761000,-908680000,-32306000,1483102000,-1746481000,-1746481000,29757000,0,25.2786,54.5639,3.000992298,0.7456230521,0.2186564803,-0.596188724,6136127238
"380",1.704e+09,2242800000,1739200000,2818100000,1202600000,3890900000,1036900000,1037600000,3.9e+07,-0.1403,27.6815,40.0846,1.945858598,-0.9739128947,-0.2546883225,-1.127738595,31665291670
"381",3.357e+09,3.428e+09,4.538e+09,3.925e+09,2.609e+09,7.485e+09,2.909e+09,2.882e+09,1.65e+08,0.7832,26.4935,22.2308,0.06439206004,-0.5794821978,0.8583889008,-0.4047551751,45733882950
"382",430541000,850618000,544166000,1102654000,700806000,1396900000,47451000,47451000,42327000,0,6.7119,26.3759,0.07544293255,-0.2518725991,0.3848043084,-0.9753565788,28108254541
"383",5950600000,11937800000,3582100000,7256500000,9961400000,16788800000,4518300000,4.518e+09,250300000,0.26,17.4132,10.2341,0.5898215771,-0.5504311323,0.68652004,-0.464961201,75485278000
"384",4.562e+09,1.2456e+10,4.562e+09,4.868e+09,1.1886e+10,1.0132e+10,3.329e+09,3.507e+09,1.97e+08,0.4375,1244.8978,799.8875,-1.901537895,-0.4447598755,1.851840138,0.05238277838,7359304826
"385",678500000,4.28e+08,656300000,809700000,259400000,1502100000,193100000,193100000,50800000,0,58.9991,42.7801,1.468661785,-0.6494911909,0.3416876197,-0.5975509286,8669771320
"386",1726384000,1943700000,1877548000,2322665000,1692743000,7418562000,1108746000,1108746000,82588000,0.0118,37.457,42.0229,-1.167586684,-0.07509963214,1.540862799,-0.1032644138,46026356687
"387",579900000,1940500000,579900000,783300000,1703100000,2.19e+09,486400000,519300000,16100000,0.1923,13.8342,45.5126,-2.113571882,-0.05256344378,2.323293686,0.4523515701,3465125306
"388",1035100000,1.218e+09,1.044e+09,1448200000,909500000,2836100000,1338600000,1338600000,15400000,0.0582,25.4063,19.1304,-1.243219137,-0.4375922978,1.011772037,-0.6591003537,17598790119
"389",3.16e+09,5.713e+09,2.835e+09,6.716e+09,3.453e+09,4.337e+09,2.138e+09,2.177e+09,3.45e+08,0,113.71,87.6601,4.808845997,1.314024925,0.07092364132,-0.6113148332,63237649305
"390",455931000,441537000,374735000,747846000,126591000,778729000,232312000,270856000,0,0.0478,67.6506,120.6188,0.21326904,-2.024196625,1.653337121,0.6520062089,12053016012
"391",944700000,764500000,9.54e+08,1038800000,674300000,2.144e+09,6.84e+08,696200000,27200000,0.1559,18.0258,117.3919,-1.351300716,-0.1232826486,1.596733212,-0.08570866287,9127540000
"392",363543000,424232000,360225000,572750000,323968000,2385160000,432518000,432518000,140032000,0,67.6338,64.8143,0.3700790107,-1.201023579,0.6822540164,-0.4469213486,13049282220
"393",4.533e+09,6.945e+09,3.9e+09,8.082e+09,-1.006e+09,8.338e+09,2.226e+09,2.3e+09,1.25e+08,0.0348,53.379,61.2709,-1.82389915,-0.5791913271,2.04500556,0.3065516353,90641791001
"394",3292879000,3750796000,2923718000,4642655000,2968887000,4649955000,2436721000,2822343000,0,0.1049,84.9525,49.2747,0.4061773717,-0.6221591234,0.6499050856,-0.5467028618,74751248676
"395",2.652e+09,2.064e+09,2.79e+09,2.858e+09,1.951e+09,4.557e+09,1.958e+09,2.121e+09,9.4e+07,0.2195,12.3066,84.5134,3.808691978,1.077403665,0.2855532169,-0.3803559542,44341946000
"396",-167900000,165700000,-161100000,8.8e+07,34900000,1.376e+09,-253300000,-245600000,24100000,0,23.643,62.7826,1.395383954,-0.3009118736,0.2308854312,-0.7651811838,6072625230
"397",2.071e+09,3.447e+09,1.795e+09,3.62e+09,-3.37e+08,4.414e+09,9.24e+08,1.126e+09,8.3e+07,0.0888,56.9971,69.2085,0.3933788836,-0.522561729,0.9065285921,-0.2721362412,52376299418
"398",3.323e+09,2.569e+09,3.332e+09,4.039e+09,2.224e+09,9.005e+09,2.668e+09,2.784e+09,1.4e+08,0.3636,0,0,-0.202514261,-1.864735007,1.591184735,0.4580717385,37767946194
"399",2.81e+09,1.0457e+10,3.014e+09,3.787e+09,9.848e+09,1.1982e+10,2.41e+09,2.599e+09,0,0.1125,0,97.5709,0.3476487398,-0.8823056817,0.5178248286,-0.6579009295,-1.14767e+11
"400",1.654e+09,2.113e+09,1.634e+09,2.252e+09,1.747e+09,3.364e+09,1.182e+09,1.182e+09,1.12e+08,0,56.3948,38.6409,1.585347533,-0.292232573,-0.04332345724,-1.044277787,19176400514
"401",2658100000,1931400000,2279800000,2951900000,873800000,3812500000,2303400000,2315300000,60900000,0.3,28.5151,37.3749,-2.040034771,3.786752462,1.076241016,-1.534041047,52052556482
"402",1299400000,1260900000,1519100000,1805900000,768800000,4851100000,605200000,605800000,76500000,0.0661,58.296,41.9704,1.042558432,-1.238711119,0.9442527294,0.05675127357,21997635656
"403",1332100000,1260600000,1319300000,1631300000,838300000,1950700000,918400000,918400000,107800000,0.1552,21.6943,61.8839,2.023698807,-0.3706852496,-0.3233141899,-1.238029599,15208015947
"404",3.644e+09,9.342e+09,3.644e+09,3.946e+09,9.342e+09,7.739e+09,2.79e+09,2.79e+09,0,0.2857,0,0,1.019284606,-0.195186168,0.6119415164,-0.465475291,31461446010
"405",2.356e+09,2.61e+09,2.537e+09,2.662e+09,2.038e+09,8.938e+09,3.553e+09,3.553e+09,1.19e+08,0.106,17.3362,62.5822,0.1565365791,-0.6976189613,0.9330283999,-0.2791206241,64813857081
"406",2351707000,2155380000,2314056000,3117205000,1489820000,11085391000,1430766000,1430766000,93841000,0.4227,25.7089,25.3189,1.398248196,-0.4116381109,0.1355548799,-0.8681092262,43181315305
"407",3.2247e+10,4.3602e+10,2.6096e+10,6.0677e+10,2.2844e+10,9.1337e+10,1.937e+10,1.9953e+10,0,0.0204,92.3081,56.5853,-0.2325100005,-0.08037564903,0.1666798294,-1.33347702,3.79015e+11
"408",1647900000,2331300000,1631800000,2505400000,1712100000,4184800000,1116500000,1134600000,42600000,0,91.7245,29.5197,-0.5121414065,-0.4980437756,1.092896938,-0.323399514,20561694281
"409",1644091000,1022173000,1655380000,1773935000,948832000,2177510000,900914000,957062000,58481000,-1,16.6263,67.4533,-2.450180292,0.918423593,1.191015244,-1.048814178,30285828658
"410",2.328e+09,2.451e+09,2.331e+09,2.995e+09,1.539e+09,4.745e+09,2.565e+09,2.565e+09,9.5e+07,0.0909,40.3932,61.6074,-0.1012293547,-0.03684459999,0.5439427495,-0.8836417198,33791977008
"411",4.289e+09,6.935e+09,4.224e+09,6.765e+09,4.433e+09,2.1589e+10,2.914e+09,2.914e+09,1.12e+08,0.0517,43.5556,0,0.8819582462,-1.002757788,0.4196581542,-0.6196734905,49147636370
"412",802500000,932200000,809400000,1009400000,692900000,2610700000,370100000,370100000,2.8e+07,0.1143,38.2874,20.2379,4.047446728,1.185694814,0.1659453064,-0.582408011,12966485670
"413",3888176000,3025624000,3888176000,4614133000,1968007000,10362497000,2607948000,2607948000,101362000,0.2101,25.3245,3.3296,2.993792295,-1.58888495,-1.19441545,-1.831021786,47058893530
"414",3.262e+09,4.543e+09,3.783e+09,5.529e+09,3.835e+09,1.0857e+10,2.938e+09,2.938e+09,1.81e+08,0.1333,24.2005,61.9772,0.3808995187,-0.3814022839,0.6649056673,-0.5794324875,1.0698e+11
"415",670800000,996700000,670800000,931100000,729300000,3848500000,397500000,397500000,81300000,7e-04,16.4064,19.4977,-0.2341239303,-0.4520050287,0.4131925404,-1.02505374,13696707213
"416",1.85e+08,4.05e+08,1.83e+08,3.01e+08,3.44e+08,1.529e+09,1.13e+08,1.13e+08,1.18e+08,0,40.4551,47.9133,4.375810146,-0.5646540523,-1.464242816,-2.030646801,6755724645
"417",2453400000,1619900000,2361400000,2612900000,1451400000,5372600000,1837500000,1768700000,197100000,0.2281,15.5237,37.3383,0.3188422918,-0.2837303281,0.3287250102,-0.9649624228,20792041719
"418",3.313e+09,4.38e+09,3.313e+09,3.313e+09,4.38e+09,1.1991e+10,2.523e+09,2.523e+09,0,0.0707,61.1588,249.0346,0.7975921631,0.01049958635,0.4996129274,-0.6767386794,33925715779
"419",701737000,694394000,701737000,879088000,418080000,2702528000,532357000,532357000,28921000,0.1429,28.6047,0,-1.309274316,0.6825384498,0.5556463599,-1.348307967,10539325426
"420",3.092e+09,2.963e+09,3.032e+09,4.035e+09,1.763e+09,5.096e+09,3.024e+09,3.027e+09,6.9e+07,0.3636,15.4377,15.702,1.281803012,-0.3904393911,0.1774069965,-0.8602308631,31137996978
"421",6.811e+09,7.189e+09,6.713e+09,7.765e+09,6.058e+09,1.0277e+10,5.58e+09,5.58e+09,2.32e+08,0.2406,11.0536,27.9115,1.140792966,-0.965678215,0.6006076336,-0.3306194842,91606335991
"422",1.55e+09,1.125e+09,1.106e+09,1.979e+09,7.56e+08,2.378e+09,1.222e+09,1.222e+09,0,0,28.7099,46.6046,1.866253257,-0.2598569989,0.9529028535,0.1455261707,13850799017
"423",3413106089.17197,628230000,1.58e+08,4790731578.7234,2844743855.62633,2.334e+09,-8e+06,2453998002.12766,209458382.165605,0.420080728051392,39.431,45.8974,0.1435476989,-0.5309732556,0.8656690121,-0.3843332231,52925693519.2237
"424",-33286000,628230000,-25017000,148482000,469130000,2340471000,-46302000,-46302000,41783000,0,39.4214,45.8638,0.3688759506,-0.7207173109,0.4866528809,-0.7204582691,8094065235
"425",3.387e+09,6.181e+09,3.292e+09,5.627e+09,2.004e+09,2.4836e+10,2.129e+09,2.129e+09,0,0,20.8821,12.6017,0.06185746565,0.4380378425,-0.05610832945,-1.562745571,38545445217
"426",337962000,560676000,354718000,773641000,293229000,743869000,199238000,221542000,14244000,0.0433,60.6703,0,1.638804674,-0.6785496473,0.5323607326,-0.3373745382,52925693519.2237
"427",1171303000,1340893000,1175262000,1624379000,675931000,10772278000,779705000,797883000,66581000,0,42.4799,51.1607,0.02254756726,-0.6788974404,1.335202694,0.1548091769,14676654964
"428",786859000,779366000,785291000,1039572000,338652000,2096809000,555234000,555234000,24399000,0,20.2059,6.1853,0.0792613551,-0.7599244714,1.260900021,0.06490776688,12593323720
"429",1.6948e+10,1.5713e+10,1.7344e+10,1.9376e+10,1.365e+10,5.3846e+10,1.1986e+10,1.2382e+10,6.38e+08,0.2,59.0396,29.4424,0.3084335327,-0.2098989636,0.2809276879,-1.048039317,2.5886e+11
"430",795100000,1536500000,795100000,896500000,1392400000,3578100000,523400000,523400000,0,0.1395,0,197.5629,-0.5420117974,-0.04425188527,1.101648688,-0.3882190883,8336030724
"431",8.611e+09,8.686e+09,8.517e+09,1.0802e+10,5.249e+09,1.6786e+10,5.966e+09,5.966e+09,0,0.2339,50.5168,28.056,0.4664563239,-1.347003818,0.9165740013,-0.1525219977,1.22904e+11
"432",6.624e+09,1.2711e+10,7.024e+09,8.831e+09,6.465e+09,6.6702e+10,4.791e+09,4.791e+09,6.34e+08,0.0964,26.3512,45.4999,3.313294888,0.1195532158,-0.4526656568,-1.146093249,1.01501e+11
"433",1.957e+09,2.853e+09,1.951e+09,3.628e+09,1.249e+09,3.364e+09,1.096e+09,1.096e+09,1.02e+08,0,24.3122,70.0789,3.409694672,1.200820446,0.5931521058,-0.1031413451,20019451834
"434",8.65e+09,1.0564e+10,8.678e+09,9.117e+09,1.0564e+10,2.1142e+10,6.784e+09,7.124e+09,0,0.1552,0,0,0.5788877606,-0.4863298237,0.9188151956,-0.1979991049,1.07881e+11
"435",8.933e+09,6.322e+09,6.988e+09,1.1366e+10,4.42e+09,1.6516e+10,5.269e+09,5.269e+09,2.51e+08,0.0423,60.8141,78.3284,2.719465017,-0.1124175563,-0.5402755141,-1.392592669,1.24674e+11
"436",1.3418e+10,1.2941e+10,1.2954e+10,1.4031e+10,1.2237e+10,1.7439e+10,1.0301e+10,1.0301e+10,3.27e+08,0.25,41.6379,49.4129,1.705225945,0.6427143216,-0.2963091135,-1.423020601,3.10175e+11
"437",458500000,454900000,441600000,531200000,407200000,1273600000,149900000,150300000,45900000,0,23.7948,126.2764,-1.030297399,-0.3924239576,1.428741097,-0.1325277239,9742108541
"438",1412184000,-2.43e+08,1.24e+09,1656267000,1260502000,6.156e+09,1.011e+09,1074106000,67762000,0.1504,17.468,42.2168,-0.2323474586,-0.04967576638,0.7037312984,-0.7286035419,30375776065
"439",2.548e+09,1.822e+09,2.548e+09,2.761e+09,1.644e+09,6.064e+09,1.719e+09,1.759e+09,5.7e+07,0,12.2108,88.578,0.7537608147,0.01559034083,0.3515768647,-0.8493332267,21601964726
"440",4.471e+09,4.371e+09,4.572e+09,6.54e+09,2.299e+09,5.594e+09,3.122e+09,3.353e+09,0,0.1429,26.8028,22.9074,4.160615921,0.9442401528,0.1262868941,-0.4471801519,37937388903
"441",759231000,832777000,747713000,1105477000,385899000,1100945000,515805000,515805000,25215000,0.12,18.0276,45.0353,0.5439997315,-0.695951283,0.3777650893,-0.7923439741,15914300221
"442",835536000,802641000,828992000,1308321000,-282717000,1200242000,384832000,422603000,0,-0.9349,72.7018,170.1169,0.9697961211,-0.1124632061,0.4693422318,-0.6263645887,20923144112
"443",849400000,934400000,834100000,1145500000,703400000,1508900000,598700000,598700000,38500000,0,38.2205,54.3134,2.551368952,-0.5747044683,-0.1401482522,-0.845913887,20533980175
"444",844361000,697767000,767392000,892728000,660760000,1022835000,582489000,582489000,52504000,0,64.6526,0,3.884255409,1.167427659,-0.09649953246,-0.7845245004,18441921357
"445",644153000,1270286000,635150000,716573000,1174762000,2638058000,2096896000,2087103000,325047000,0,13.2925,49.0669,-1.666387796,1.146901965,-0.2980971634,-2.521653414,39761829980
"446",812011000,1381467000,885576000,1731650000,1006618000,2054512000,409467000,415981000,29963000,0.0154,105.8252,0,3.506557941,-0.2428487241,-0.6612870693,-1.291627407,31487681117
"447",2.3945e+10,3.4339e+10,2.2278e+10,4.1348e+10,1.7681e+10,7.5355e+10,1.5528e+10,1.6039e+10,0,0.022,62.7593,70.0139,0.3635908067,-0.01718296297,0.2406849712,-1.11512208,3.4262e+11
"448",730787000,604446000,691980000,839195000,508367000,1427365000,593794000,593794000,37541000,0,10.2818,85.7196,-0.745233357,-1.274702907,0.84920156,-0.5837681293,13702556078
"449",6.638e+09,8.263e+09,6.289e+09,8.408e+09,6.896e+09,3.0792e+10,5.024e+09,5.031e+09,1.3e+08,0.0754,37.6441,18.2393,1.507190704,-0.8249416351,0.4651164114,-0.3962559104,81651754516
"450",2.761e+09,4.205e+09,3.617e+09,4.817e+09,3.396e+09,7.705e+09,6.75e+08,6.75e+08,3.77e+08,0,44.6196,38.8388,1.479498267,-2.170402527,1.052912235,0.368588239,29331327942
"451",1675400000,2445500000,1468400000,2521200000,329800000,2314200000,1059300000,1060500000,0,0.0625,41.6545,60.8801,2.480204344,-0.7687321901,0.1734633595,-0.534948349,33567934292
"452",2.8055e+10,3.6073e+10,2.8538e+10,3.3648e+10,3.6073e+10,8.4664e+10,2.0689e+10,2.2876e+10,2.255e+09,0.0649,0,0,0.02127387933,0.2591671348,0.6764002442,-0.7314825654,3.78454e+11
"453",1.47e+08,1.229e+09,2.79e+08,7.92e+08,6.39e+08,3.537e+09,-1.83e+08,-1.59e+08,0,0.0581,77.8512,38.3443,-0.9739032388,0.3131621778,1.005470037,-0.6914280653,11348190349
"454",1.039e+09,1.288e+09,8.09e+08,1.786e+09,9.66e+08,8.513e+09,6.95e+08,7.15e+08,5e+07,0.1321,0,102.0011,1.276426435,-0.3597255945,0.5995192528,-0.3774057627,23274470785
"455",2.752e+09,3.57e+09,2.789e+09,4.229e+09,1.876e+09,5.665e+09,1.925e+09,1.923e+09,8.9e+07,0.0941,25.3792,55.6776,-0.1883551031,-0.5068430305,0.7835117579,-0.559800446,47609621933
"456",1.143e+09,3.293e+09,7.68e+08,2.868e+09,4.41e+08,4.335e+09,-1.56e+08,1.93e+08,5.5e+07,0.1333,27.8183,41.6855,2.08659029,-0.346179992,-0.2782025337,-1.157209992,48938451784
"457",1.6792e+10,2.8337e+10,2.0437e+10,2.7321e+10,1.8664e+10,1.26947e+11,9.862e+09,1.0523e+10,0,0.02,33.6241,4.0954,1.292762637,-0.4887374938,0.1656295806,-0.8639367819,3.55521e+11
"458",1325400000,1931200000,1187200000,2577600000,962500000,3.362e+09,1906100000,1909300000,66800000,0.075,38.4789,45.0661,2.135466814,-0.1426852942,0.0654938966,-0.7773218155,19452420566
"459",1.141e+09,821300000,1122100000,1405700000,632600000,2289100000,851900000,851900000,0,0.0857,285.9131,249.0272,2.87806201,-0.6245114803,-0.2993275523,-1.009983659,10014589365
"460",1.182e+09,1.112e+09,1.394e+09,1.668e+09,6.85e+08,1.81e+09,7.48e+08,7.48e+08,4.2e+07,0.056,10.8387,16.4533,0.9017532468,-0.2957417667,0.2542410791,-0.8766064644,22436512590
"461",456935000,961489000,735544000,1007531000,-640897000,2631385000,572430000,803084000,35040000,0.375,17.4846,15.0313,-0.9116461873,-0.01990867779,1.189997911,-0.3908854425,17959103815
"462",1090731000,1550994000,961009000,1681204000,461604000,1087396000,791851000,791851000,22895000,0.45,42.4043,75.541,-2.231323481,0.6178587079,1.480999589,-0.6076071858,6509760737
"463",2.142e+09,3.122e+09,1.965e+09,3.801e+09,-8.35e+08,4.453e+09,1.261e+09,1.261e+09,4.5e+07,0.0556,39.1354,51.0943,2.941919327,-0.1468642056,-0.3376044333,-1.107517004,42520328011
"464",691379000,820027000,686022000,788133000,770109000,1723604000,463981000,463981000,153815000,0.0606,14.6471,56.5539,1.863028526,-0.1564792842,-0.2916454077,-1.289926887,15858499065
"465",3.1138e+10,3.6014e+10,3.1719e+10,4.9883e+10,1.644e+10,1.01377e+11,2.084e+10,2.1421e+10,0,0.0556,46.872,31.0665,0.09094146639,0.2390475124,0.5757363439,-0.8196459413,3.23457e+11
"466",-921200000,499800000,-958100000,-590400000,326500000,2067800000,-1.011e+09,-1010900000,2.1e+07,0,25.9949,64.2685,0.03616871312,-0.5422404408,1.310366035,0.06625787169,10845748039
"467",6.18e+08,1.14e+09,5.98e+08,1.144e+09,1.05e+09,3.927e+09,3.61e+08,3.74e+08,5.7e+07,0.227,40.5102,176.2991,0.05689015612,-0.0898109749,0.8890216351,-0.3984006941,8854466290
"468",6.67e+08,5.86e+08,6.54e+08,9.28e+08,3.49e+08,2.026e+09,5.49e+08,5.49e+08,3e+07,0.1667,41.0774,72.271,-0.02901000157,-0.02540407144,0.6652444005,-0.6904166341,14002654856
"469",2.291e+09,1.176e+09,2.296e+09,2.428e+09,9.42e+08,2.658e+09,1.542e+09,1.542e+09,5e+07,0.2,58.459,35.9995,1.948260427,0.01827318035,0.09712327272,-0.9076075554,38486783662
"470",18300000,1747400000,33800000,1058800000,1308400000,5.661e+09,-379200000,-379300000,65500000,0,16.6836,58.7007,0.9655191302,-0.1719598025,0.4513438046,-0.661421001,29552322977
"471",1.143e+09,1.176e+09,1.143e+09,1.336e+09,1.047e+09,2.821e+09,8.5e+08,8.84e+08,2.6e+07,1.3636,0,0,0.3071025014,-0.2297615558,0.719428122,-0.5654020905,12354621341
"472",1.9e+09,1.79e+09,1.896e+09,2.208e+09,1.452e+09,3.914e+09,1.428e+09,1.424e+09,5.3e+07,0.2,19.6129,64.9167,0.4004479349,-0.2329349965,0.6370436549,-0.6674464345,45848768446
