Symbol,open,high,low,close,volume,change
A,49.187863383637826,49.60005869737887,48.78202597299442,49.20202541699773,2338038.906274821,0.00028791722969233774
AAL,38.39049547259726,38.95555385226367,37.82560500397139,38.39325226370134,9390321.324066719,7.180920876759986e-05
AAP,132.4396305798252,133.81829722001598,131.03602494042872,132.43346306592537,1078043.216838761,-4.65684921713993e-05
AAPL,109.05542891183475,109.95111834789516,108.14158888006372,109.06669849086583,54047899.73550437,0.00010333808361058604
ABBV,60.802800635424916,61.47413304209688,60.17727490071493,60.864440031771295,7870682.665607625,0.0010137591640880263
ABC,82.06642970611591,82.78177394757734,81.34988919777611,82.09297855440828,2005738.3232724385,0.00032350436576121506
ABT,42.924758061953895,43.25870984908655,42.60101945988876,42.94032565528204,6964036.691818904,0.0003626716615542486
ACN,101.02282613185064,101.76644011119927,100.34816306592536,101.1190786338365,2596238.098490866,0.000952779739701939
ADBE,90.38760921366176,91.18987617156479,89.5786207307386,90.45815639396348,2998133.5996822873,0.0007804961422859847
ADI,60.92858252581421,61.47024749801434,60.34129269261315,60.93193208895952,2451738.088959492,5.497523504497083e-05
ADM,42.37951945988881,42.76270587768069,42.01937029388397,42.402112787926896,3647857.6870532166,0.0005331190236705816
ADP,86.96032168387607,87.55285210484503,86.34965424940428,87.00940111199368,2022774.221604448,0.0005643887599223091
ADS,241.00733518665626,243.46799904686245,238.46149285146913,241.0440508339953,619308.5424940429,0.00015234244762965814
ADSK,64.13887728355851,64.87470325655285,63.41757482128671,64.19433582208106,2482750.679110405,0.0008646633815768401
AEE,44.97462271644164,45.3205584590945,44.63759475774427,45.00293884034948,1622724.4956314536,0.0006296022556180499
AEP,58.440305798252666,58.86015464654482,58.02168681493242,58.466139793486846,2781243.0254169977,0.0004420578380161791
AES,12.337339714058766,12.470018903891983,12.202694360603658,12.340048451151723,5568655.816521049,0.00021955601091788087
AET,104.75635822081006,105.7992849880859,103.78293749007157,104.82171167593329,2716448.100873709,0.0006238614651482527
AFL,66.08916203335983,66.54092907069105,65.66906004765693,66.12238681493247,2116351.5226370133,0.0005027266279434892
AGN,222.40117545671183,224.9561862589354,219.6454394757743,222.26103256552835,2880076.8125496428,-0.0006301355687337642
AIG,55.692427402700645,56.128224384432094,55.26543947577449,55.706544876886426,8419467.383637808,0.0002534900137086938
AIV,37.4748610007943,37.792993089753814,37.15344146147737,37.49065925337562,1198721.3010325655,0.0004215693443395231
AIZ,75.36168387609214,75.98690786338359,74.7874548848292,75.40227164416207,545139.3129467831,0.0005385729986694522
AJG,48.61043288324056,48.92056004765689,48.291752343129495,48.62541699761724,924431.0667196187,0.0003082489393310208
AKAM,56.60609046862582,57.21803868149325,56.00950436854652,56.625419301032565,2182469.447180302,0.00034146206259299123
ALB,75.3668546465449,76.12907950754563,74.57657855440827,75.36178316123907,1160881.819698173,-6.729065886594054e-05
ALGN,83.62693804606837,84.66559372517868,82.5246159650516,83.66451826846715,885551.828435266,0.0004493793899050945
ALK,61.76385822081015,62.52695051628272,60.971666401906326,61.76706513105648,1537615.6846703733,5.1922116569676955e-05
ALL,67.19368387609215,67.62583502779981,66.80153200953139,67.22848292295474,2407102.868149325,0.0005178916358680214
ALLE,64.16677798682983,64.74000329256825,63.57825164628415,64.18211194731897,739724.4948259642,0.00023897039823772266
ALXN,142.60172366957912,144.70387752184277,140.221779666402,142.51771008737114,1762434.8204924543,-0.0005891484341566586
AMAT,25.838796584590952,26.1145745830024,25.538444559173925,25.838925337569528,13230027.8649722,4.982932473426469e-06
AMD,5.604315250198568,5.717247100873705,5.486632803812549,5.601862589356624,32519037.79666402,-0.0004376379151507795
AME,52.33212470214454,52.728494440031824,51.946082128673545,52.357029388403554,1308148.1326449562,0.0004758967154641984
AMG,179.20622319301026,180.92498673550452,177.34026727561582,179.1746624305003,451857.10166799044,-0.00017611421047569818
AMGN,146.00554781572671,147.42604281175542,144.48836068308168,146.00447537728365,3465404.566322478,-7.345189680146855e-06
AMP,114.082361477363,115.09998459094524,113.06971421763306,114.1116838760922,1132200.868943606,0.0002570283289150266
AMT,101.01676806989671,101.81603828435263,100.2322553613981,101.0391580619538,2280151.30420969,0.0002216462918472452
AMZN,576.8672637807787,582.0172213661638,571.1135165210492,576.88004050834,3730465.46624305,2.214847047760451e-05
ANDV,77.68252184273219,78.80427887212069,76.5544837172359,77.72001985702946,2617506.42573471,0.000482708509041259
ANSS,93.53625496425728,94.36010738681487,92.74584773629866,93.60052343129472,439197.7855440826,0.0006870968595224943
ANTM,134.1646105639396,135.51758546465467,132.9165046068309,134.28223987291506,1883323.538522637,0.0008767536273614216
AON,99.05539714058787,99.75203820492447,98.41698633836396,99.11863383637807,1328024.8760921366,0.0006383972768333276
AOS,36.43963463065923,36.76449880857825,36.116616918188996,36.460653296266884,1259603.602065131,0.0005768078033903057
APA,64.10297378872123,64.90600317712465,63.256134074662455,64.07328435266088,3832411.795869738,-0.000463152242487313
APC,72.26572676727575,73.17231906274816,71.29438030182679,72.24023034154098,4972386.501985703,-0.00035281490791452043
APD,132.59196981731532,133.5522469420173,131.58854344718026,132.61769658459093,1329444.9221604448,0.0001940296030827548
APH,56.83336973788718,57.237312231930126,56.45566656076248,56.872926926131896,1224710.4996028594,0.0006960204616961868
APTV,89.54784090909094,90.55232045454544,88.53879545454544,89.49386363636361,2112449.522727273,-0.0006027758143506876
ARE,91.94706513105636,92.68540198570297,91.1907808578236,91.98567911040521,527525.8800635425,0.0004199588023153778
ARNC,31.399559173947505,31.807168546465448,30.981484193804597,31.401755361397868,6826431.219221604,6.994325742587579e-05
ATVI,32.72895154884827,33.09138371723587,32.338760047656855,32.73928117553613,7658033.0325655285,0.00031561129211361377
AVB,161.79069277204093,163.07582184273232,160.4466052422557,161.803113582208,771412.7760127085,7.677085717515509e-05
AVGO,130.74816918189035,132.20161397934854,129.0882539316918,130.74567712470227,2846907.2748212866,-1.9059977693543134e-05
AVY,64.44754162033362,64.94932708498811,63.94761429706122,64.47580619539316,760835.4694201747,0.000438567156309034
AWK,60.12553613979358,60.56986560762509,59.680333598093846,60.15078633836393,943796.4718030182,0.00041995797778235296
AXP,78.60554344718035,79.16633463065926,78.05201342335182,78.61601270849886,4773412.951548848,0.0001331873155427012
AYI,166.81832406671987,168.68746004765686,164.93941397934864,166.8921842732327,483442.64892772044,0.0004427583535923687
AZO,619.6706155679113,624.9363382843524,614.2743500397141,619.7036536934078,315794.3820492454,5.3315623924096694e-05
BA,149.77697227958714,151.0358803018269,148.62379221604428,149.9059888800636,4178966.0389197776,0.0008613914309579412
BAC,17.70662414614774,17.866469499602843,17.53918594122319,17.704177918983333,93633799.51628277,-0.00013815322131506693
BAX,59.32941620333605,59.74340667196195,58.897827720412955,59.334718030182685,4093500.5281969816,8.936253187563041e-05
BBT,38.95879269261317,39.26080476568707,38.66226703733126,38.97519062748216,4188795.4130262113,0.00042090459523127637
BBY,37.85417791898331,38.3580018268467,37.38881612390785,37.89544876886421,5711082.543288324,0.001090258781190061
BDX,146.95524424146151,147.97237291501196,145.8916355837967,147.0200873709289,1080620.620333598,0.0004412440658521024
BEN,46.09909444003172,46.49888752978558,45.68548800635422,46.090758141382146,2559382.2144559175,-0.00018083432550760028
BF.B,46.2330003971406,46.600657744241424,45.86821866560758,46.25262907069097,976498.9197776013,0.0004245598032090058
BHF,60.08383802816903,60.796860563380314,59.35305704225353,60.1396573426573,1013135.6083916083,0.0009290237827699727
BHGE,33.93789473684211,34.40812434210526,33.436275,33.890526315789465,4133638.4342105263,-0.0013957383455852307
BIIB,295.5971564733917,299.2974849880857,291.5961814932485,295.41326401906286,1645028.2295472596,-0.0006221049502733641
BK,40.20586973788727,40.52439030976969,39.89101262907073,40.21694996028596,5347609.725972994,0.0002755871834367557
BLK,348.5779110405085,351.447510802224,345.586595075457,348.62896743447163,639737.6338363781,0.0001464705374207577
BLL,33.16222200158852,33.41835178713268,32.89357863383643,33.17507942811752,2361623.2009531376,0.0003877130588048892
BMY,56.83565664280024,57.376035799522754,56.30658281622905,56.85287987271287,8025117.671439936,0.00030303564575447697
BRK.B,142.29253415409042,143.02507736298685,141.42775814138193,142.28079428117542,3583172.6918189037,-8.250519245294946e-05
BSX,17.895421048451134,18.06317220015887,17.724315409054814,17.903891977760104,10841879.173153296,0.0004733573625362319
BWA,47.58563939634637,48.08071667990473,47.07158149324862,47.596096108022195,1884110.4106433678,0.000219745112358934
BXP,121.70833995234302,122.66265552025415,120.69614702144554,121.721421763304,812103.6155679111,0.00010748491817480685
C,53.46438443208895,53.93734876886416,52.99014447974587,53.467950754567156,20686758.37807784,6.670463928630781e-05
CA,30.655111199364537,30.900420015885647,30.4003735504369,30.663517871326484,2777285.909451946,0.00027423394119414283
CAG,37.400798252581396,37.68580627482123,37.12033272438444,37.41592533756952,3323246.552819698,0.00040445888042185853
CAH,72.28358220810173,72.9062397934868,71.675678395552,72.31219221604468,2406523.5091342335,0.0003958022979627297
CAT,92.92094511517077,93.67507402700564,92.1010914217632,92.93962668784745,5404720.888800635,0.00020104802693869444
CB,115.2896624305004,116.0086118347896,114.5574911834791,115.32315329626691,1564006.8697378873,0.0002904932242879866
CBG,31.345615567911103,31.633300714853007,31.03044019062751,31.345925337569486,2274285.05401112,9.88239193171354e-06
CBOE,66.0822676727562,66.66460754567116,65.50374559173952,66.13187688641783,729603.2557585385,0.0007507189963167374
CBS,56.2307228752979,56.80775972994437,55.64220047656866,56.21647339158063,5512626.426528991,-0.00025341100004836956
CCI,85.13040826052418,85.79093725178711,84.46941374106439,85.1435941223194,2431933.0611596503,0.00015489015105941024
CCL,47.595710881652096,47.987654090548055,47.19746759332798,47.59809372517869,4110469.745035743,5.006424911946162e-05
CDNS,22.5826647339158,22.800383161239065,22.375265925337594,22.603097696584594,2905825.397934869,0.0009048074223990285
CELG,101.31691620333598,102.53441405877679,100.02419555202539,101.31071532962667,5335037.008737093,-6.120274818529867e-05
CERN,59.09625496425737,59.658352978554475,58.525129706115955,59.1176354249405,2035070.637013503,0.0003617904501066014
CF,41.48626417791896,42.06215305798255,40.89635567911045,41.479410643367736,4247865.39158062,-0.0001652000894038981
CFG,28.805500000000002,29.132458000000003,28.475323764705877,28.815041176470608,5253957.750588235,0.00033122759440404456
CHD,41.17803216838763,41.46443335980934,40.90865702938846,41.19577839555199,1554292.1374106433,0.0004309634586662671
CHK,13.701664336775227,13.926500555996801,13.451406433677528,13.681326449563132,24957711.172359016,-0.0014843369909090945
CHRW,67.71336973788725,68.29381667990465,67.17528212867352,67.76321763304207,1589710.656076251,0.0007361603084853621
CHTR,207.98953534551242,210.40103939634628,205.63657442414606,208.08838911834803,1559207.6314535346,0.0004752824351061447
CI,123.14820095313755,124.39865631453526,122.00723788721194,123.2345194598889,1634202.1890389198,0.0007009319347198705
CINF,59.409670373312174,59.78566703733112,58.99979714058775,59.41681493248607,598607.2176330421,0.0001202591956663079
CL,67.42871731532966,67.85083185067518,67.02005512311347,67.45219618745023,3301235.9205718823,0.00034820285859457357
CLX,111.45704924543287,112.19935393169177,110.71765552025406,111.49233518665618,975512.8061953932,0.0003165877928959545
CMA,51.64768864177918,52.17689817315326,51.13835146942013,51.674078633836416,1929065.597299444,0.0005109617245462798
CMCSA,29.996406036536953,30.247596743447154,29.733893248610013,30.003741461477375,24329297.557585385,0.00024454346068948917
CME,95.33095313741055,96.11559555202541,94.53290127084983,95.38709849086572,1612700.4503574264,0.0005889519784224813
CMG,493.33199761715656,498.6017562351067,488.1483911834793,493.2560079428113,820579.4757744242,-0.00015403354072364067
CMI,134.6151826846705,135.81095599682286,133.44045329626695,134.64493248610026,1630509.4868943605,0.00022099885641770794
CMS,36.2647776012708,36.5312165210485,35.99937394757741,36.28522637013504,2350950.122319301,0.0005638741008996305
CNC,56.29774622716436,57.03187863383637,55.55324670373308,56.323987291501176,1575350.321683876,0.000466112164258433
CNP,23.540849880857827,23.73276203335982,23.35157680698968,23.549527402700534,3725276.3542494043,0.0003686154869779161
COF,76.73615567911055,77.35988737092929,76.08459380460681,76.74967434471799,3112814.806195393,0.0001761707436057475
COG,28.665677124702107,29.063500238284323,28.244862112787914,28.654968228752992,6039257.025416997,-0.00037357903329926474
COL,88.76127084988086,89.38057855440826,88.15694765687046,88.80756949960293,1026225.6036536935,0.0005216086844946021
COO,165.25387918983333,166.77239499602874,163.73045861795072,165.3405718824464,452728.4646544877,0.0005246030715774186
COP,57.459111993645784,58.02103002382842,56.86013526608424,57.453264495631494,7499280.843526608,-0.00010176798442233261
COST,142.38282390786335,143.3269326449563,141.4098938046068,142.41504281175526,2317919.6767275617,0.00022628364157709844
COTY,20.835319693094654,21.106425149190105,20.552763341858462,20.837118499573748,2995484.568627451,8.633447941239457e-05
CPB,49.836538204924544,50.23079642573466,49.46291358220812,49.86478951548849,1783601.5806195394,0.0005668794740071579
CRM,69.0871558379666,69.82770381254966,68.33654797458297,69.10968625893575,5079399.206513106,0.0003261159139621976
CSCO,27.725160047656868,27.946371326449547,27.522249324861,27.743812946783155,28654349.631453533,0.0006727787718528949
CSRA,28.873360071301235,29.19542299465243,28.5334789661319,28.870098039215712,1258491.1515151516,-0.00011297722459275913
CSX,33.82160691024622,34.16966775218429,33.506431453534525,33.85160047656869,7756074.243844321,0.0008868167145951865
CTAS,88.38347116759336,88.99747037331224,87.74005162827656,88.41803097696587,602204.9237490072,0.0003910211820825364
CTL,30.086886338363794,30.362406751389983,29.78338586179502,30.068232724384455,6695583.1405877685,-0.0006199915062514704
CTSH,55.38505671167587,55.878178951548946,54.872303733121456,55.39348014297053,4403324.354249405,0.00015208851980616283
CTXS,73.02726370135026,73.7420277204131,72.27819412231932,73.04606433677517,1956169.8999205718,0.00025744680098923256
CVS,82.40791890389201,83.04423661636207,81.7570832406672,82.42001588562353,5605183.055599682,0.00014679392335614183
CVX,109.95906584590932,110.76083494837178,109.10510079428127,109.96900000000002,7070167.099285147,9.034411136796775e-05
CXO,116.3326791104051,118.0275573471008,114.5678127084989,116.35337569499583,1443521.923749007,0.00017790860443517875
D,70.81461477362978,71.31391564733904,70.3019924543288,70.84073073868151,2619407.4082605243,0.0003687934352988267
DAL,40.25829936457513,40.76540158856231,39.73073193010331,40.24455520254163,11005102.131850675,-0.00034139946918847875
DE,94.74861405877665,95.49435083399516,94.03482724384425,94.80416203335976,3002921.157267673,0.0005862668824754275
DFS,57.9931612390787,58.46621882446383,57.521095154884854,58.009507545671156,3080513.0675139,0.00028186610702363667
DG,69.56614376489274,70.21025798252576,68.9247339158063,69.58420571882452,3579369.4154090546,0.0002596371302802125
DGX,74.4321167593328,75.03507116759339,73.8680187450357,74.4690238284353,1368237.43923749,0.0004958487103333608
DHI,28.434444718030157,28.77680127084985,28.075864892772028,28.433153296266905,5357329.629070691,-4.5417513021914124e-05
DHR,81.42052328767112,81.9290525764895,80.91516441223835,81.44905068382958,2894164.1705551087,0.00035037107361340344
DIS,92.98184050834001,93.61639857029405,92.2971984114375,92.98108022239884,7647465.507545671,-8.17671425960712e-06
DISCA,43.867397378872106,44.348455281969756,43.352708419380434,43.860433677521854,3067299.4900714853,-0.0001587443469715716
DISCK,41.26320095313734,41.72064519459888,40.81796060365368,41.26804050833987,1717430.4948371723,0.00011728501644906447
DISH,56.736834710087464,57.37652128673556,56.037221286735566,56.718328832406684,2337027.1334392377,-0.000326170428352967
DLR,79.46162430500388,80.20344583002397,78.67989308975375,79.48783161239078,1424176.6640190626,0.0003298108692858327
DLTR,70.93385226370147,71.65045623510723,70.2066862589356,70.94902065131059,2551309.1485305796,0.0002138384864920789
DOV,77.8284273232725,78.52665131056393,77.14622033359821,77.86285146942018,1350967.9301032566,0.00044230812996754067
DPS,74.95969817315317,75.48548673550438,74.4609664813345,74.99412231930097,1406456.6997617157,0.00045923538897236674
DRE,21.417045274027004,21.59791135822083,21.232979586973823,21.424686258935655,2528068.8300238284,0.0003567711984023009
DRI,63.64211675933279,64.21028816521061,63.09799308975379,63.66404289118346,1676379.841938046,0.00034452235354760346
DTE,85.21248212867361,85.8041483717235,84.60175972994433,85.2423828435267,1043527.0333598094,0.00035089594982028237
DUK,76.40875337569499,76.92639531374112,75.87898077839553,76.42594122319285,3123141.41223193,0.0002249460531485758
DVA,68.46256060365378,68.99994543288325,67.91315003971415,68.47084988085786,1440931.9698173152,0.00012107752223962842
DVN,50.10055218427317,50.75331032565534,49.39759189833192,50.06304606830825,5117704.09451946,-0.0007486168181733084
DWDP,71.46839449541282,71.99427155963302,70.86900000000001,71.42486238532112,7987472.449541285,-0.0006091099485171414
DXC,85.88746511627907,86.64843488372091,85.20705209302325,85.9324186046512,1974555.3255813953,0.0005233998734421771
EA,61.568371803018294,62.279706036536915,60.86856973788726,61.61553542494049,3786907.980937252,0.0007660365304622657
EBAY,42.32241493248614,42.72955472597302,41.92303796664014,42.33258220810173,10910270.131056394,0.00024023382483739418
ECL,112.41474980142979,113.1677910246226,111.67487482128683,112.45897537728352,1097335.0389197776,0.000393414351158103
ED,67.1897259729945,67.655464892772,66.71814169976176,67.22300238284348,1974371.5393169182,0.0004952603893987475
EFX,97.40753772835588,98.14260325655299,96.66645369340748,97.46656870532158,818882.823669579,0.0006060206257376415
EIX,63.12193725178716,63.612153296266946,62.62670214455917,63.14673947577442,2134890.1818903894,0.0003929255828813471
EL,83.94429221604443,84.58924471803026,83.33329451945986,83.9761080222399,1799581.4654487688,0.00037901095304472207
EMN,77.2550198570295,77.97126147736313,76.52411906274824,77.26507545671171,1386564.1938046068,0.000130161117048798
EMR,58.71220413026203,59.172629547259774,58.259045988879976,58.72511914217641,3746098.411437649,0.00021997150516996815
EOG,88.37528196981735,89.41309722001593,87.29700619539325,88.3708578236695,3889026.162827641,-5.00608999399389e-05
EQIX,290.3103018268468,293.1586264495631,287.3705745035746,290.4308880063537,744558.3105639396,0.00041536996361513225
EQR,65.61108737092935,66.13049912629076,65.05683216838774,65.61652104845119,1917699.6354249404,8.281645282171495e-05
EQT,75.44761906274825,76.3970673550437,74.43866568705315,75.41602859412227,1931493.683081811,-0.0004187072967763943
ES,51.25877003205134,51.63686653322655,50.8829935948758,51.28571257005603,1602079.2778222577,0.0005256181135021958
ESRX,72.22598776806983,72.88923812549636,71.57540039714065,72.25398610007937,4416324.65528197,0.00038764900106943333
ESS,207.68152899126295,209.43700254169963,205.8673584590945,207.71353455123113,378875.95869737887,0.0001541088421471036
ETFC,26.77423193010325,27.096906989674366,26.452036616362175,26.78992216044482,3428001.8649722002,0.0005860198112323077
ETN,67.7661119936458,68.34505591739473,67.17929586973787,67.78467831612402,2834895.6266878475,0.0002739765043619836
ETR,73.46083717235895,74.04764344718039,72.87484162033365,73.4819301032565,1427922.5512311358,0.0002871316433280301
EVHC,52.63104377104379,53.31412457912459,51.81887845117847,52.573956228956206,2251115.0134680136,-0.0010846743290125389
EW,73.64081207307392,74.39735281969817,72.89749737887207,73.64446783161242,2073080.54725973,4.96431046261703e-05
EXC,33.66422160444795,33.969245988880054,33.36908474980142,33.67821286735503,6562701.988085782,0.0004156122506402404
EXPD,47.80814400317712,48.203865607625126,47.41647450357427,47.84326767275617,1390130.4694201748,0.0007346796306653586
EXPE,100.08292700555995,101.1929707704527,98.91174551231147,100.08482287529792,2300193.7180301826,1.8942988526496583e-05
EXR,66.6826528991263,67.28864988085789,66.05363653693404,66.69532168387602,934249.3002382844,0.0001899862137891469
F,14.112668625893587,14.22891374106437,13.974048371723581,14.10263701350278,34462374.8943606,-0.0007108232083335695
FAST,45.550841938046105,45.98537887212077,45.09045448768864,45.55820969023042,2431755.28355838,0.00016174788150647337
FB,96.4550593328038,97.38673939634621,95.46303907863377,96.4786103256553,34359265.20969023,0.00024416544880489897
FBHS,50.38265289912632,50.88640635424946,49.897117712470184,50.41117950754571,1327430.416203336,0.0005661990145001946
FCX,20.785034868943598,21.08010389197779,20.462031691818883,20.766370135027838,23549216.57426529,-0.0008979890596020997
FDX,162.25398339952343,163.5616625893566,161.0155666401905,162.31731532962675,1837186.1969817316,0.0003903258877002267
FE,34.04672756155679,34.353340349483695,33.73695075456714,34.048872120730735,3907825.496425735,6.298870192633937e-05
FFIV,113.23767084988083,114.43618355837984,112.08215901509143,113.29063947577437,1141482.6894360604,0.00046776505994866184
FIS,65.90591850675142,66.364016203336,65.46653042096908,65.95638999205723,1579718.7895154885,0.0007658111205996747
FISV,85.18342335186654,85.80140190627485,84.63016624305,85.26878276409857,1075009.366163622,0.001002065999149199
FITB,21.295806195393155,21.49862319301032,21.091466640190628,21.300814138204924,7466531.101667991,0.00023516098737095167
FL,53.64680301826848,54.220952819698155,53.053511437648936,53.647100873709334,2459645.0460683084,5.552156402577603e-06
FLIR,32.93404686258934,33.245052263701346,32.631266878474946,32.95123431294683,947756.5289912629,0.0005218748375867981
FLR,57.77245822081016,58.36846791104053,57.175027323272495,57.7807386814932,1507770.5639396347,0.00014332886184954894
FLS,54.37223232724384,54.917616123907926,53.814529229547226,54.37670643367757,1280979.6981731532,8.228660553788075e-05
FMC,61.933220810166745,62.51689213661625,61.330742811755265,61.923955520254204,1156382.624305004,-0.00014960129299492535
FOX,30.52140290846881,30.817121813515843,30.21873515825496,30.527451668092382,3556472.5577416597,0.00019818091723079447
FOXA,30.896007014542366,31.21541881950384,30.586553635585975,30.905267750213852,11797312.638152268,0.00029973891665440334
FRT,130.11644956314527,131.1029009531374,129.0457312152501,130.10448768864165,421801.35266084195,-9.193206964817315e-05
FTI,40.19141302621126,40.676166640190665,39.70437235901507,40.1836695790309,2994211.212867355,-0.0001926642184814437
FTV,61.095719602977724,61.588720347394506,60.63979404466494,61.09777227722771,1511361.5668316833,3.359767694573785e-05
GD,139.19668784749797,140.2331633836376,138.26692081016708,139.30958697378873,1576676.1366163623,0.0008110762406534194
GE,26.52918975377282,26.713421366163683,26.33564551231135,26.52634154090546,42115682.83240667,-0.00010736147216687699
GGP,24.565961080222387,24.796525972994417,24.328195472597287,24.568649722001567,4718237.749007149,0.0001094458210041138
GILD,82.52872088959492,83.40271032565525,81.51518737092925,82.4728014297063,11165045.750595711,-0.0006775757492162723
GIS,55.59682200158846,55.972036695790266,55.23811795075452,55.62522637013505,3335350.1771247024,0.0005108991399865349
GLW,21.512188244638622,21.711819857029383,21.33839841143766,21.529936457505944,9407878.969023034,0.0008250305671132504
GM,34.56982922954734,34.89276576648136,34.21007370929309,34.55298649722,15058577.684670374,-0.00048720901151993085
GOOG,725.3641676923074,730.8222477948707,719.4568432820516,725.4033527179479,1808413.801025641,5.4021176376982935e-05
GOOGL,682.3570406671957,687.3627760127081,676.6917895154892,682.233847180302,2457501.4948371723,-0.0001805410944002874
GPC,89.42884034948365,90.08400182684682,88.74586092136607,89.45334392374892,752244.5281969818,0.0002740008052157302
GPN,56.967212073073895,57.48442708498803,56.44729110405088,56.99956711675927,1396879.3717235902,0.0005679590506180102
GPS,32.984055520254174,33.35605131056391,32.61453296266881,32.99048451151712,5157228.138999206,0.0001949120919650284
GRMN,47.41312120730739,47.87350254169977,46.95109396346316,47.42383121525015,1322828.9316918189,0.00022588700490597106
GS,187.49135814138216,189.1280457505959,185.9013687847495,187.5284590945198,3249413.787132645,0.00019788087037943318
GT,27.44903478951549,27.783991501191398,27.123672279586962,27.4601909451946,3599274.9444003175,0.0004064316200790947
GWW,230.3122955520251,232.4221200158857,228.1809291501193,230.36709293089712,628163.090548054,0.00023792641526446877
HAL,46.96718752978555,47.54105853852262,46.386843050039694,46.96837172359015,10684218.034948371,2.521321515906549e-05
HAS,70.83037212073064,71.48310579825264,70.18752446386024,70.86050833995243,1304916.510722796,0.00042547029359694304
HBAN,10.618889594916599,10.721969261318492,10.513176648133438,10.621371564733918,10289948.698967434,0.00023373157759427573
HBI,23.45337974583002,23.7008778395552,23.197108737092904,23.45194400317711,3969971.6179507547,-6.121687656398747e-05
HCA,68.10384432088948,68.90360452740263,67.34798069896732,68.16123907863378,3229329.355837967,0.0008427535672417297
HCN,67.71681096108014,68.26700929308973,67.12948204924541,67.71785941223185,2147373.3407466244,1.5482878428904166e-05
HCP,37.49687847498015,37.81630484511524,37.140105798252584,37.48071485305804,3345202.648133439,-0.00043106580012776397
HD,114.92895146942023,115.77585837966626,114.10866219221624,114.97284352660826,5612783.840349483,0.00038190600911999344
HES,64.43893169181904,65.24685766481336,63.618955917394686,64.43174741858608,3608127.664813344,-0.00011148963901683596
HIG,41.77171191421765,42.11156743447184,41.4502625099285,41.79652899126292,3265715.447180302,0.0005941120415709699
HII,133.7071207307387,134.96373566322487,132.4617134233518,133.80019857029404,332637.9253375695,0.0006961322556843502
HLT,66.28403985507246,66.78783695652173,65.78455217391304,66.30644927536231,2536415.1195652173,0.00033808169114079944
HOG,56.63592922954729,57.20176338363773,56.07349880857823,56.65288324066718,2138452.534551231,0.0002993508069970483
HOLX,32.31501985702937,32.626177680698994,31.99227926926132,32.32529308975368,2723707.2112787925,0.00031790890953372605
HON,106.22003542494039,106.88992501985699,105.54539396346313,106.24599682287543,2993908.5361397937,0.00024441149761600536
HP,69.69048729150119,70.66341882446395,68.65321961874506,69.69231930103257,1773571.97299444,2.6287799132771672e-05
HPE,17.99747504302928,18.241245955249557,17.797558347676432,18.030877796901883,11664639.388984509,0.0018559688952335285
HPQ,15.912801376936319,16.09833063683304,15.754650430292617,15.93846815834767,12578830.960413082,0.0016129643551355966
HRB,28.725226370135026,29.01516489277201,28.428433439237484,28.730611596505153,2890863.5488482923,0.00018747376611540008
HRL,29.830745750595707,30.06619142176335,29.591325019857017,29.837982525814095,2084104.1683876093,0.0002425945123495088
HRS,83.69758927720405,84.35641350278006,83.07219610802225,83.75922160444792,802896.1564733916,0.0007363692046104943
HSIC,69.89021644162041,70.41756147736298,69.31615123113592,69.89932883240665,1029358.3677521843,0.00013038149329318652
HST,18.762362192216006,18.94990214455915,18.569168864177925,18.764480540111183,7621527.860206513,0.00011290411481640611
HSY,98.07727561556793,98.78319714058777,97.41844535345496,98.14443208895949,1135862.1032565527,0.0006847302086040328
HUM,162.66355837966623,164.4258121525019,161.09403661636213,162.81292295472608,1441347.2795869738,0.0009182423927504603
IBM,167.23087069102465,168.36292764098525,166.15624749801424,167.26192613185071,4352535.480540112,0.00018570399530744335
ICE,48.73960223285484,49.15094282296657,48.326590669856465,48.75515948963318,3584690.866028708,0.00031919129548926964
IDXX,89.15552422557586,90.04726640190636,88.27333121525028,89.21214932486104,717869.6266878475,0.0006351272091891415
IFF,111.76356235107224,112.60822454328824,110.92285520254175,111.8052343129467,443823.5035742653,0.00037285821065327515
ILMN,157.04219618745026,159.2163331215248,154.7395654487688,157.1161771247021,1343873.8411437648,0.00047108954820987377
INCY,80.26372509928517,81.8260511517078,78.61125655281964,80.25800881652107,1585684.7704527404,-7.121875737796871e-05
INFO,33.794193020719725,34.12587928026173,33.485687786259504,33.835076335877844,1440383.5790621592,0.0012097733812744984
INTC,31.80453224781575,32.08551652104841,31.53891993645748,31.831530738681504,29326713.900714852,0.0008488881601963602
INTU,99.01189833200958,99.81208999205728,98.25174376489277,99.10979825258127,1701220.7084988086,0.0009887692511804072
IP,48.563686258935675,49.00297998411438,48.133610881652146,48.56741064336776,3158104.383637808,7.669072755772095e-05
IPG,20.149622478157273,20.333656076250957,19.967156235107208,20.157347895154874,4491268.3749007145,0.0003834025677640412
IQV,67.53625313283203,68.18711102756893,66.8697174603175,67.56620718462818,984176.4193817878,0.00044352552009716597
IR,67.13995234312944,67.71506719618739,66.58687315329631,67.16438443208894,2032714.8895949165,0.0003638979192990208
IRM,33.545841858617955,33.8535562351073,33.22200643367753,33.55007545671169,1653384.456711676,0.00012620336408836284
ISRG,201.88875146942016,203.85556417791886,199.95035043685465,201.975389833201,1140628.777601271,0.00042913913306345184
IT,86.71324861000805,87.41529634630655,86.01813574265286,86.7662589356633,459504.09213661635,0.0006113290241686615
ITW,102.1949483717237,102.88698189038924,101.5452130262112,102.2540548054013,1687350.7847498015,0.0005783694264671966
IVZ,33.986018347895154,34.28965615567909,33.65186441620332,33.97203335980936,3335801.8117553615,-0.0004114923949795757
JBHT,83.01665607625092,83.76298721207306,82.28650381254965,83.04664376489276,888360.3193010326,0.0003612249644733357
JCI,40.90810071485304,41.251260127084976,40.57848435266083,40.92548689436055,3723501.131056394,0.0004250057862304659
JEC,51.98119936457503,52.48387037331214,51.477430103256516,51.99983320095311,1026252.5663224781,0.00035847261328829627
JNJ,107.31420976965839,107.9349737887212,106.67817426528993,107.34156473391583,7606657.673550437,0.0002549053318862077
JNPR,24.61248610007941,24.873455361397948,24.374734471802988,24.62905083399522,5791269.08101668,0.0006730215650891581
JPM,67.61748125496429,68.1450497220016,67.09867021445604,67.64323272438438,16589033.246227164,0.00038084041200803876
JWN,58.245340031771285,58.870006195393174,57.64694590945203,58.263907863383636,2284699.419380461,0.0003187865604737335
K,67.74049547259727,68.2016566322478,67.2881907863385,67.75897140587769,2053022.3471008737,0.00027274576531385707
KEY,14.173228752978558,14.313933280381283,14.033190706910245,14.176497220015865,11612727.7299444,0.00023060850101780768
KHC,82.2101022900763,82.83486061068699,81.48486320610691,82.18708396946569,3314303.112977099,-0.00027999382033850316
KIM,23.601858617950732,23.802000079428105,23.38039984114373,23.593343923748996,3395779.837172359,-0.00036076371524656255
KLAC,72.36314543288319,73.04231731532961,71.67358165210493,72.3909030976966,1543040.1509134234,0.00038358842263362474
KMB,114.75624789515487,115.51968832406685,114.02673788721233,114.80027005559968,1795463.4503574264,0.0003836144981407142
KMI,29.08981572676727,29.362681254964258,28.768498808578226,29.065814138204907,13516693.4725973,-0.0008250856171728225
KMX,56.28151310563943,56.89084328832415,55.678337172359,56.295448768864205,2012341.5647339157,0.00024760640671856376
KO,42.09836997617153,42.34550349483719,41.868999285146955,42.116425734710106,13742587.914217632,0.00042889448092153386
KORS,59.067617156473496,59.76370341540906,58.2920687053217,59.02374900714846,3461911.501985703,-0.0007426768073075718
KR,28.484666401906313,28.753201191421798,28.219884908657622,28.4969896743447,8859911.963463066,0.00043262828725149115
KSS,50.78388800635433,51.4063681493249,50.20903478951552,50.808693407466244,3401699.226370135,0.0004884502169036081
KSU,100.98267672756154,102.02387394757751,99.94816163621918,101.00065131056402,1246193.8363780777,0.00017799669789876307
L,43.332335186656124,43.589100317712536,43.06194876886412,43.331165607625174,1064189.2692613185,-2.6990907042333536e-05
LB,66.42372120730737,67.14950826052427,65.7118842732327,66.44763701350278,2544964.198570294,0.00036004917762402544
LEG,41.98086179507549,42.31439936457506,41.63541930103253,41.99123113582211,984472.0103256552,0.00024700161700437874
LEN,44.67990929308966,45.19796028594114,44.12642374900706,44.66299976171556,3436372.225575854,-0.000378459393531313
LH,119.64764495631448,120.6047550436853,118.69526648133447,119.69945988880077,884683.2382843527,0.0004330627026149426
LKQ,30.08608419380458,30.38854924543286,29.765734392374917,30.089416997617118,1858049.7434471804,0.00011077559283115905
LLL,129.8796068308181,130.91470182684674,128.90410595710887,129.97149324860996,649444.4876886418,0.0007074737907973574
LLY,70.9655420174742,71.55601779189831,70.36812779984116,70.98427323272448,4694385.003971406,0.00026394803333789236
LMT,206.9121644956316,208.33766997617144,205.5926665607622,207.02929308975388,1529610.9197776013,0.0005660788209711594
LNC,53.463022239872885,54.01901556791103,52.91870325655287,53.484622716441606,2032643.4678316123,0.0004040264778112742
LNT,32.78574265289914,33.021742096902294,32.542764733915796,32.786640190627466,1230025.783161239,2.7375854737529467e-05
LOW,65.17691898332018,65.7604351866561,64.65109809372511,65.20807783955519,5928936.038125496,0.0004780658049053167
LRCX,89.4398934074662,90.39660357426537,88.3780458300238,89.42768943606046,2211512.298649722,-0.00013644885901351725
LUK,23.726993645750596,23.93625107227961,23.50121382049245,23.720774424146107,1689384.5226370136,-0.00026211587095034325
LUV,37.48945687053218,37.92369356632251,37.04772637013507,37.49858610007942,6799713.157267673,0.00024351458541447217
LYB,86.3207823669579,87.25539118347889,85.36935274026996,86.31923749007139,3486587.4861000795,-1.7896928690304328e-05
M,45.04443677521853,45.540025258141455,44.552070373312276,45.02970214455923,6331553.343129468,-0.0003271132178392397
MA,93.22255718824451,93.93634289118354,92.5159656076251,93.25377918983335,4591886.181890389,0.00033491895664047915
MAA,83.36211278792692,84.04072255758538,82.65178181096107,83.38066719618752,601451.2231930103,0.00022257603172559943
MAC,69.72076250992839,70.3461734710087,69.07787315329632,69.73243050039711,1169475.760127085,0.00016735316781800236
MAR,72.82486767275623,73.47966957903093,72.21795599682297,72.89574821286735,2652236.023034154,0.0009733013237954103
MAS,28.141409531374112,28.42969722001595,27.857386735504345,28.146671961874542,3962446.7180301826,0.0001869995351356913
MAT,30.857838363780754,31.164468864177916,30.52612843526613,30.843691024622736,4793055.395552025,-0.00045846825014884523
MCD,114.14522200158854,114.84208856235115,113.50627974583016,114.19626687847489,5150398.102462271,0.0004471924097325843
MCHP,54.41622446386022,54.91582176330414,53.881950198570316,54.42401509134232,2218817.437648928,0.0001431673652271821
MCK,169.75477347100863,171.32527283558372,168.12213828435281,169.7745909451945,1568788.3669579031,0.00011674177862951853
MCO,97.44271644162016,98.28311207307375,96.65877776012712,97.52048451151713,1086449.8633836377,0.0007980901265571163
MDLZ,39.08063542494043,39.40070476568701,38.75545496425734,39.081155679110466,8979732.710881652,1.3312326280708105e-05
MDT,71.14175718824467,71.66007378872126,70.62594535345511,71.16799046862579,5662533.451945988,0.00036874659015950247
MET,49.46210889594909,49.90851930103249,48.999098490865855,49.46685861795074,6467918.124702144,9.602748664922243e-05
MGM,23.620872279586983,23.912043844320895,23.314291818903914,23.619968228752956,8722944.131056394,-3.8273389031796216e-05
MHK,180.08591739475781,181.7490359809371,178.38368443208876,180.09055996822894,680868.760127085,2.5779769669350946e-05
MKC,83.29021834789509,83.86203320095315,82.73195599682275,83.32607625099277,713485.1477362986,0.00043051757828156353
MLM,155.58182208101664,157.40523558379658,153.70133248609994,155.61359809372547,715539.2605242255,0.00020423988023668462
MMC,58.81366163621924,59.189090548053954,58.488296822875355,58.853677521842776,2079731.7744241462,0.0006803841915344428
MMM,160.19989038919778,161.1680450357426,159.29996147736296,160.30633042096915,2302662.2795869736,0.0006644201285829827
MNST,39.05115615567907,39.45948371723593,38.63957212073077,39.061913820492464,3786129.639396346,0.00027547621818189576
MO,53.741699920571925,54.111762589356694,53.37653486894359,53.76911834789516,7211928.772041302,0.000510189059217646
MON,108.68910007942797,109.44942192216048,107.93432883240665,108.6824940428913,3024216.5369340745,-6.077919986308769e-05
MOS,38.035407069102476,38.45081532962673,37.57718514694193,38.01189833200955,4366893.496425735,-0.0006180750754215535
MPC,46.08010897537738,46.70937903097686,45.45030484511521,46.08660047656865,5883098.996822875,0.00014087425866850665
MRK,56.32969722001578,56.74507291501193,55.898728117553645,56.32106751389999,11312748.61477363,-0.00015319993789571283
MRO,23.843815726767264,24.156702144559183,23.500500953137397,23.82463463065926,11674367.720413025,-0.0008044474226694407
MS,34.72872589356636,35.07287966640189,34.375742096902314,34.73113979348689,12057364.586973788,6.950729859552676e-05
MSFT,51.02639428117556,51.43600706910241,50.630396743447186,51.063080619539406,33869462.74583002,0.0007189678769322199
MSI,70.36849880857834,70.91341334392371,69.86710698967441,70.40389992057187,1538384.543288324,0.0005030818134949449
MTB,128.05187053216832,129.06496703733131,127.02475496425738,128.11027005559967,827528.3383637808,0.0004560614631293258
MTD,356.1008260524226,359.26321008737136,353.07946386020694,356.29749801429693,170365.17394757745,0.0005522929111245746
MU,22.985880063542492,23.334586576648167,22.60530770452738,22.972592613185103,30248411.18903892,-0.0005780701161172315
MYL,44.95746227164412,45.563010722795845,44.3015140587768,44.93548292295468,5750885.85782367,-0.0004888921122068027
NAVI,15.363197916666662,15.582568541666653,15.158367083333342,15.37058541666667,3198619.546875,0.00048085691794629086
NBL,46.33218824463855,46.912128673550384,45.7162706115965,46.31893169181888,3791614.9888800634,-0.00028611972198838085
NCLH,44.11159968228754,44.66437490071482,43.54352859412233,44.11788721207309,1452601.49324861,0.0001425368798873411
NDAQ,53.501270849880896,53.960815965051616,53.06967100873711,53.54083796664016,1121027.321683876,0.0007395547083411638
NEE,109.44144956314545,110.24737482128653,108.66761374106443,109.5070691024623,2053307.3471008737,0.00059958580207749
NEM,29.04835575853854,29.45907577442414,28.609101270849894,29.030659253375664,7768097.128673551,-0.0006092084973751375
NFLX,94.85403240667203,96.18729825258133,93.48348729150108,94.90615210484518,16208007.963463066,0.0005494726671153882
NFX,32.94637021445595,33.502425734710016,32.35888903891979,32.935651310563905,3099805.027799841,-0.0003253440006372825
NI,29.344050913423324,29.59258069896742,29.111332883240664,29.365881652104814,2490807.3288324066,0.0007439579063538317
NKE,48.762295393169175,49.16320349483715,48.36645830023829,48.77831175536138,8398731.98570294,0.0003284579214957845
NLSN,43.45559968228752,43.83301445591737,43.098910405083345,43.47895949166007,2541338.123907863,0.0005375557935764004
NOC,176.36585385226374,177.66697458300217,175.16761715647357,176.49545671167576,1144918.900714853,0.0007348523344013159
NOV,52.178705321683935,52.757625099285185,51.554942494042805,52.17377283558371,4322268.953931692,-9.453063409324469e-05
NRG,22.48283955520253,22.786245830023812,22.177975456711664,22.4773629864972,5078764.903097697,-0.00024358883547085028
NSC,98.08621509134234,99.01994503574261,97.24673010325652,98.16047656870533,1879696.0460683082,0.0007571041179827319
NTAP,37.058345035742654,37.458696822875275,36.703893566322485,37.09128832406675,3925298.257347101,0.0008889573533929975
NTRS,71.6442254169977,72.26055083399521,71.02567299444009,71.67401747418573,1225122.2930897537,0.00041583333499149483
NUE,50.693435266084165,51.208182446386076,50.153095949165966,50.693852263701395,2396489.4590945193,8.225870175111795e-06
NVDA,56.31654567116754,57.071318983320104,55.51310349483719,56.36936814932491,10465799.544082604,0.0009379566436088721
NWL,38.554074662430494,38.90819245432878,38.19363423351869,38.560428911834784,3392146.6266878475,0.0001648139518306523
NWS,14.795106928999147,14.94498237810093,14.636796749358425,14.797733105218137,1010693.0940975193,0.00017750302391146048
NWSA,14.712464242942692,14.868044910179654,14.54834319931565,14.714502566296012,3438939.24037639,0.0001385439801016087
O,51.168482030620446,51.58643615136875,50.72034371980677,51.167606355591296,1961759.8938053097,-1.71135627714268e-05
OKE,49.32501191421766,49.89992613185066,48.722317156473444,49.334491660047675,2303382.5814138204,0.00019218942808366677
OMC,74.26129388403483,74.80997998411432,73.6869522637016,74.26488482922949,1693418.271644162,4.8355543067522775e-05
ORCL,40.368928321400205,40.68189164677801,40.0870953858393,40.386626093874284,16003635.342879873,0.0004384008496132798
ORLY,204.33396354249416,206.2420242255761,202.4869979348689,204.4118173153296,840624.0190627482,0.0003810123950307594
OXY,78.62092930897542,79.30444710087365,77.86877140587784,78.61292692613202,4562099.872915012,-0.00010178438379877133
PAYX,49.92831564733915,50.27805202541696,49.57484058776812,49.959312946783086,2167482.8514694204,0.0006208360735195579
PBCT,15.793078713264494,15.91861366163623,15.662490309769678,15.797397855440819,3359075.0643367753,0.00027348322988456064
PCAR,60.557259729944505,61.10060969023042,59.996248451151665,60.58102462271639,1938611.9467831613,0.0003924367264613067
PCG,53.15467037331219,53.56044876886416,52.73377934868944,53.163212152502034,3107016.904686259,0.00016069668252762645
PCLN,1312.6784829229537,1324.1831840349475,1300.6522115965051,1312.8735377283556,630292.6584590945,0.0001485929783564314
PDCO,42.952994440031844,43.32570405083396,42.57713550436861,42.967486100079455,968354.6822875298,0.00033738416230428653
PEG,40.61517871326451,40.93921818903892,40.2853703733121,40.63268467037331,3141147.8800635426,0.0004310200684425004
PEP,97.42172994440034,97.98894416203325,96.89305512311357,97.46815726767288,4514717.656870532,0.0004765602427613998
PFE,32.18135988880062,32.42113367752185,31.941460921366144,32.18340746624303,28218910.923749007,6.36261938428502e-05
PFG,50.7750714853058,51.206866481334444,50.32897370929304,50.79669579030979,1360958.0127084989,0.0004258842847763846
PG,83.03760794281175,83.50562176330426,82.56364146147739,83.04609610802231,8966642.281175537,0.00010222073372357839
PGR,32.010532168387584,32.23081048451151,31.799434710087358,32.02709293089755,3379297.1366163623,0.0005173535517264215
PH,125.68210881652098,126.73133955520255,124.61942525814145,125.73336775218425,1163719.5321683877,0.0004078459229077815
PHM,20.81955925337569,21.08006727561555,20.556769817315352,20.817875297855426,6303634.393169182,-8.08833414660612e-05
PKG,74.85273232724387,75.55193812549652,74.10657513899923,74.86203733121539,950615.3613979348,0.00012431081247427954
PKI,49.91692613185071,50.321396584590985,49.520686656076265,49.9508260524226,787695.7474185862,0.0006791267651847647
PLD,45.889598888006425,46.25600754567123,45.50292001588565,45.8980897537729,2716866.35822081,0.00018502811033928337
PM,93.0248650516283,93.6440776806991,92.41847887212055,93.06009531374102,4627417.274027006,0.0003787187661402873
PNC,95.02611596505153,95.77636918189052,94.30877426528993,95.0664257347101,2390965.0063542495,0.0004241967510635527
PNR,63.056207307386735,63.62658888006357,62.46861691818899,63.0673868149325,1280104.3939634631,0.00017729432236963146
PNW,67.53129078633833,68.02775877680688,67.02743558379663,67.56025416997609,818361.108816521,0.00042888834643181877
PPG,100.16525814138211,100.95217474185856,99.39258586179511,100.19876092136627,1601671.6449563145,0.0003344750525863208
PPL,34.05368149324863,34.2959965051628,33.800454567116795,34.05885313741067,4442348.9213661635,0.00015186740273780033
PRGO,125.82876489277197,127.17968268467044,124.33073193010344,125.79861239078627,1515242.9785544083,-0.00023963123226546752
PRU,87.01823661636217,87.80535544082605,86.25949722001573,87.04399523431285,2425830.7839555205,0.0002960140190410186
PSA,198.4695035742652,200.066331135822,196.817968149325,198.5062569499603,733367.0246227165,0.00018518399569305286
PSX,78.23131143764888,79.03154964257344,77.43390293884035,78.25181493248607,3249398.885623511,0.0002620880880097164
PVH,111.80268467037332,112.95584050834007,110.58058641779178,111.75251787132643,1042719.8316123908,-0.000448708357896753
PWR,29.921834710087364,30.2315097696584,29.60128578236695,29.912688641779177,2082162.6123907864,-0.0003056653576494634
PX,122.81329229547273,123.64218617950753,121.9793842732328,122.84086576648136,1320430.0015885623,0.0002245153638767736
PXD,163.7366878474981,166.05630802224002,161.38549396346298,163.77706910246218,1910634.746624305,0.0002466231331226465
PYPL,46.17359541984735,46.65958564885492,45.61799450381681,46.165045801526745,8854490.015267175,-0.00018516249910511704
QCOM,63.92292787926928,64.45844884829224,63.39276854646563,63.94096108022237,11098346.215250198,0.0002821084945788251
QRVO,62.19302816901409,63.19883892445589,61.15086798975669,62.22192061459666,1816065.770806658,0.00046456084280143794
RCL,75.30914233518673,76.15062343129465,74.50785567911042,75.361235107228,2061783.1938046068,0.0006917190984516579
RE,182.8679308975376,184.24131231135829,181.48712970611592,182.9029229547261,344747.58935663226,0.00019135152356544112
REG,62.44565528196984,62.952469976171486,61.9123245432884,62.450405083399524,700869.2144559174,7.606296079742626e-05
REGN,381.8615145469,387.48145731319516,375.8536600158984,381.83309968228735,878688.5957108816,-7.441143851950301e-05
RF,10.932434551231134,11.05252907069102,10.815292692613196,10.935607625099292,16398451.548848292,0.0002902440305760438
RHI,46.20834789515496,46.633197458300295,45.78763018268464,46.23563145353458,1069717.325655282,0.0005904465236785278
RHT,72.28888721207316,72.96177299444,71.59904892772039,72.31238284352662,1684832.7490071484,0.0003250241131050784
RJF,58.62381652104843,59.143979189833196,58.06611199364565,58.64046068308174,789930.7378872121,0.00028391467872674095
RL,128.28493645750584,129.55440627482105,127.00424511517058,128.24887609213673,1086690.9936457507,-0.0002810958664741982
RMD,59.42591739475772,59.95132517871324,58.94839261318502,59.49138999205725,964707.8983320096,0.001101751561774088
ROK,123.72312152501979,124.8032618745037,122.64612644956308,123.75925337569501,905779.8490865766,0.0002920379815013936
ROP,171.93527005559946,173.17883621922164,170.73833304209714,172.0563860206513,460262.85941223195,0.0007044276896338764
ROST,49.905596108022195,50.35557323272441,49.45476814932487,49.91224821286735,3072941.142970612,0.00013329376590860294
RRC,50.70363375694999,51.4926572676727,49.844518665607595,50.64830023828436,3851102.456711676,-0.0010913126844296335
RSG,45.54036934074656,45.820588959491666,45.28638991262909,45.566632247815704,1475662.044479746,0.0005766950828316556
RTN,118.48797196187441,119.37240595710894,117.66323558379665,118.53730738681496,1729189.2184273233,0.0004163749629913985
SBAC,108.71616759332807,109.75656187450366,107.68442716441623,108.76632684670376,1182034.4011119937,0.00046137804970577853
SBUX,48.34429602859415,48.71721215250197,47.95682668784751,48.35224583002379,9230516.611596506,0.00016444135260418354
SCG,57.28440826052428,57.74265607625094,56.77960301826829,57.27843526608415,1017305.0444797458,-0.0001042691130361982
SCHW,30.97284320889592,31.300982208101686,30.63843200953136,30.988927720413013,8176124.504368546,0.000519310139163238
SEE,40.46937450357424,40.85955067513901,40.07216147736298,40.473756949960276,2019353.352660842,0.00010829044035884102
SHW,261.271159650517,263.43792025416974,259.23210309769644,261.45109610802257,712112.2144559174,0.0006886962102753691
SIG,93.33951151707697,94.48003193010331,92.1518820492455,93.30293884034947,1237261.2088959492,-0.00039182417106190784
SJM,115.20636489277196,116.03139126290705,114.37681302621114,115.25293884034959,833941.0444797458,0.0004042654034000295
SLB,81.90374114376495,82.67785893566322,81.10236862589348,81.90536139793497,7287461.7299444005,1.978241955000525e-05
SLG,104.53824861000798,105.42683248610007,103.60438752978546,104.53598888006358,742849.9237490072,-2.1616298096105452e-05
SNA,139.25889197775984,140.3301930897539,138.14591501191416,139.2899920571884,421194.4741858618,0.00022332562744744342
SNI,71.31954725973004,71.9794518665608,70.65907498014298,71.31920571882438,1139731.809372518,-4.788882133840833e-06
SNPS,51.641421763304216,52.043325258141415,51.25946425734709,51.676725258141374,802240.7498014297,0.0006836274763884389
SO,46.62350595710877,46.92194765687052,46.3120386814933,46.63677521842731,5026764.164416203,0.00028460453683488036
SPG,176.59344320889588,177.97827037331214,175.09362319301067,176.54747418586192,1457440.6354249404,-0.00026030990844651074
SPGI,101.15640190627477,102.00650428911845,100.33668713264494,101.22704924543282,1322271.3463065925,0.0006983971140404416
SRCL,106.72495623510719,107.55272335186677,105.87247243844313,106.74580381254971,691720.9714058777,0.00019533929249498295
SRE,101.30560762509943,102.07020873709293,100.54172684670375,101.34629070691028,1215602.3073868148,0.00040158765901103917
STI,43.31097696584597,43.69991270849879,42.92294352660839,43.32092136616361,3696698.131056394,0.0002296046179121037
STT,73.21356949960294,73.86856910246236,72.61128133439233,73.25978554408249,2421891.374900715,0.0006312497095200463
STX,44.428280381254986,45.033335980937295,43.81306068308197,44.437953137410744,4489437.335980937,0.00021771619501707455
STZ,124.67694980142967,125.67201127879265,123.67454019062743,124.71170770452738,1530969.8498808579,0.00027878371385465524
SWK,106.71194400317708,107.4672794281175,105.92302287529786,106.72770452740298,1148015.53375695,0.00014769222295704274
SWKS,68.00404289118349,68.87496632247816,67.02514988085782,68.00707227958692,3194068.34471803,4.4547180941595703e-05
SYF,30.802590090090074,31.120606418918953,30.444634459459454,30.792302927927935,6005980.353603603,-0.00033397068662252777
SYK,101.4387907069103,102.14873455123117,100.72676600476565,101.48760127084974,1365451.3073868148,0.0004811824312897234
SYMC,24.153033995234328,24.397491104050804,23.922774344718068,24.1728563145354,6900795.079428118,0.0008206968658672531
SYY,43.06207307386812,43.35595869737887,42.78417029388399,43.07771247021443,3705860.960285941,0.00036318261592936375
T,36.40244638602063,36.626416838760896,36.15685758538521,36.39980492454332,25298330.478951547,-7.256274617643939e-05
TAP,77.35133550436842,77.98598268467035,76.68505146942017,77.35028594122325,1617744.922954726,-1.3568778590952237e-05
TDG,214.95658459094508,216.93646417791902,212.99307815726763,215.10420174741841,512264.17950754566,0.0006867300983323723
TEL,64.14378689436059,64.64816020651315,63.64582700555993,64.16305798252577,1767532.348689436,0.00030043577247662774
TGT,67.82820865766483,68.39793200953129,67.2535563939635,67.84036536934076,5678874.949960286,0.00017922796306303853
TIF,84.39299046862601,85.19123169181887,83.61638832406663,84.41141382049246,1490979.0063542493,0.00021830429001440223
TJX,66.72825258141387,67.25646536934076,66.20853359809381,66.74356632247822,3656175.7942811754,0.00022949411189304985
TMK,59.88053558379669,60.2658871326449,59.498730659253454,59.9084225575854,612051.5694996029,0.00046571015968428775
TMO,134.18346306592514,135.19769864972213,133.1522991262907,134.2470611596508,1793787.0849880858,0.000473963723043971
TPR,41.76696584590943,42.19505035742647,41.342713820492456,41.772025416997685,4117990.474980143,0.0001211381048582633
TRIP,67.34143065925333,68.32107172359015,66.3228803018269,67.33374424146149,2321225.9841143764,-0.00011414099339139918
TROW,77.92702938840353,78.52650905480542,77.2666934074664,77.92850277998416,1508215.0206513104,1.8907323841232087e-05
TRV,105.26191024622723,105.90109729944405,104.62860071485316,105.29890786338362,1858723.4646544878,0.0003514815289770383
TSCO,72.85134233518666,73.59321961874502,72.07971509134232,72.859733121525,1409712.9714058777,0.00011517682542804839
TSN,49.40299046862588,49.87924519459887,48.94392462271645,49.42969817315326,3781991.941223193,0.0005406090658488251
TSS,43.67542096902302,44.04451334392373,43.32759896743446,43.71605242255759,1287097.9118347894,0.0009303047946208416
TWX,78.42359722001581,79.05827664813343,77.83573749007147,78.45477164416215,5221944.732327244,0.0003975133155252208
TXN,58.82618689436061,59.3138478157267,58.35513026211283,58.86892692613181,6018961.555996823,0.0007265477167159387
TXT,40.40870135027803,40.808035663224835,40.03499062748212,40.43536139793477,1925221.8252581414,0.0006597600706254082
UA,23.7211555075594,24.055991576673865,23.357280345572338,23.723081896551726,3362929.540948276,8.120974510341353e-05
UAA,29.303730500397144,29.66988840349484,28.892322319301016,29.288258538522612,5652010.153296267,-0.000527986082670332
UAL,53.17187855440832,53.96461429706113,52.38262517871333,53.16538125496419,5299701.248610008,-0.00012219428052530457
UDR,32.09409849086575,32.36461048451157,31.81785766481342,32.103669579031,1651598.9563145353,0.0002982195673131688
UHS,106.08505559968228,107.24476362192223,104.90950786338368,106.13315329626688,816243.5115170771,0.0004533880508683962
ULTA,170.20428514694208,172.0176173153295,168.29139388403487,170.17217712470202,1013662.320889595,-0.0001886440298042259
UNH,120.92217633042097,121.93787418586182,119.93536934074663,121.00325655281982,4019056.461477363,0.0006705157387946831
UNM,36.7928752978554,37.113129308975445,36.476838363780764,36.803749007148525,1611633.6671961874,0.0002955384488190831
UNP,96.49735186656079,97.33405250198572,95.71658895949166,96.53719618745046,4263048.288324066,0.00041290584786998774
UPS,102.51018268467047,103.14105464654496,101.90823407466229,102.54175536139782,3027247.5448768865,0.0003079955171328725
URI,90.1866390786339,91.46381501191425,88.90133764892757,90.21018268467037,1892244.2589356632,0.00026105425678343977
USB,43.84909777601277,44.148680063542535,43.558645353455084,43.861767275615584,7142589.941223193,0.00028893410002487366
UTX,108.30831215250205,109.02200103256554,107.57948141382042,108.30878474980143,3802275.8610007945,4.363444411475766e-06
V,71.04176981731533,71.55539825258143,70.51375798252587,71.05198371723586,10075848.808578236,0.00014377316256048534
VAR,85.95751787132646,86.6468155679111,85.3313215250198,86.03756949960291,771545.1739475775,0.000931292925376036
VFC,60.87683335980936,61.397061397934955,60.35269348689439,60.902330579825325,2403062.632247816,0.00041883288943865104
VIAB,56.601000794281134,57.2315741064336,55.9381004765687,56.57219221604441,3829077.0174741857,-0.0005089764815543389
VLO,57.59471810961085,58.32059078633831,56.85291938046071,57.61354249404284,6451987.977760127,0.0003268422009838061
VMC,89.38814138204923,90.38370738681489,88.36145107227964,89.39841540905472,1049429.8316123907,0.00011493724834910761
VNO,94.9293645750596,95.66980206513102,94.13892136616386,94.93519062748204,903132.6393963463,6.137249994803014e-05
VRSK,72.72239872915017,73.264578395552,72.20365027799838,72.76034630659257,859428.298649722,0.0005218141604999646
VRSN,71.54669976171564,72.1900962668785,70.96604551231135,71.58306671961881,1127986.9650516282,0.0005082967911069067
VRTX,101.59963950715434,103.23025516693168,99.86516669316364,101.61113502779995,1859519.6989674345,0.00011314528970155188
VTR,65.05155281969829,65.58428443208891,64.46456362192224,65.03783161239073,2116030.90548054,-0.0002109282055969558
VZ,49.00184980142967,49.32550452740263,48.64935138999206,49.00809451945989,16093070.656870533,0.00012743841417258098
WAT,131.25476489277204,132.29932223987316,130.20162454328835,131.31683478951572,500379.5798252581,0.00047289633099710456
WBA,73.06677124702153,73.74993240667196,72.38137299444001,73.09200158856231,5432793.386020651,0.000345305275026849
WDC,75.95889189833184,76.9236522637013,74.95646528991263,75.9547258935663,3363797.9475774425,-5.4845517903460346e-05
WEC,52.29568308181097,52.68782787926922,51.907044559173976,52.323339952343076,1775572.5194598888,0.0005288557085838082
WFC,50.41677108816524,50.782104130262034,50.061090548053976,50.429519459888766,18511480.962668784,0.00025285974187501246
WHR,162.1050158856235,163.86805909451945,160.3275183478953,162.13520254169975,978465.3717235902,0.0001862166689374152
WLTW,133.8754166666666,134.93120056818185,132.71003314393946,133.93820075757574,785482.178030303,0.0004689740093616887
WM,55.95534551231136,56.292248292295454,55.65543129467828,55.98817315329623,2014002.0397140589,0.000586675690844354
WMB,36.59523431294674,37.0613806989674,36.11226012708504,36.5875853852263,8013220.940428912,-0.00020901431194642574
WMT,75.39099658459106,75.90237108816528,74.92681389992053,75.42371723590128,8175689.6187450355,0.00043401271759951427
WRK,51.20906202723147,51.83837367624815,50.53999667170949,51.198942598187365,1700807.990936556,-0.0001976101229645973
WU,18.512013582208102,18.681904447974592,18.35513089753772,18.520480540111222,5365383.988880063,0.00045737638779923327
WY,31.48582621127877,31.751782922954728,31.212984749801446,31.483157267672805,4258756.950754567,-8.476651011332683e-05
WYN,79.02435258141378,79.700118903892,78.34121024622706,79.0486735504369,1147585.6449563145,0.0003077654954283387
WYNN,133.37636282764075,135.1673061953932,131.50344154090556,133.34714376489302,2437519.782366958,-0.0002190722713400677
XEC,109.51970770452756,111.14752962668783,107.85705663224775,109.534185861795,1124747.8649722002,0.00013219682165783173
XEL,36.76387220015882,37.02123677521842,36.50306195393175,36.78365766481335,3068818.832406672,0.000538176842384948
XL,35.3023112787927,35.578119221604425,35.01781739475767,35.31509928514695,2228249.1795075457,0.0003622427509988939
XLNX,49.819316123907896,50.27083677521845,49.359505401112045,49.83347418586184,3057583.12867355,0.0002841882036021806
XOM,87.65259729944407,88.2371687053217,87.0517309769658,87.66844718030188,12399217.393169181,0.00018082614031010574
XRAY,53.79490301826845,54.24329634630661,53.340853216838724,53.82188244638602,1203439.7545671167,0.0005015238731522302
XRX,40.48830786338364,40.904809134233574,40.05771318506756,40.48680698967437,2376838.2637013504,-3.7069311820410496e-05
XYL,41.41547267672755,41.7638849880858,41.076026370134976,41.4340945194599,1183141.1366163623,0.0004496349197242897
YUM,75.42209872915016,76.02712343129477,74.84491429706107,75.45100873709283,3209031.5917394757,0.00038330951312412574
ZBH,105.54201350277987,106.41985432883244,104.69803820492454,105.60629070691019,1297143.6600476569,0.0006090200669577651
ZION,32.161477124702174,32.509289753772784,31.80224114376489,32.171790309769676,2621177.9126290707,0.0003206688868025111
ZTS,45.09138895949164,45.48882621127878,44.66558848292296,45.09864813343923,3681878.482922955,0.00016098803153102246
